ID,Name,Price,Discount,Date
BJ049296,今日から始める黒魔術 [ジーウォーク],440,60,2022-04-02
BJ103092,Fanaticism [文苑堂],300,75,2022-04-02
BJ117973,むっつりびっち [文苑堂],300,73,2022-04-02
BJ148229,ばけものえっち [文苑堂],300,73,2022-04-02
BJ160892,コイナカplus [GOT],929,50,2022-04-02
BJ175206,らぶりー [文苑堂],300,73,2022-04-02
BJ186407,カラメルハメアート【通常版】 [辰巳出版],550,50,2022-04-02
BJ195503,獣愛姦通 [ティーアイネット],550,50,2022-04-02
BJ196067,イジラレ【ボイスドラマ付き特装版】 [ワニマガジン社],"1,100",50,2022-04-02
BJ196544,イジラレ [ワニマガジン社],660,50,2022-04-02
BJ208725,閲覧注意【Dlsite限定電子特装版】 [文苑堂],300,75,2022-04-02
BJ220482,フタナリ島～The Queen of Penis～ [キルタイムコミュニケーション],550,50,2022-04-02
BJ220995,おなほびっち【DLsite限定電子特装版】 [文苑堂],300,75,2022-04-02
BJ228296,異種恋愛【電子限定特装版】 [文苑堂],300,79,2022-04-02
BJ229904,オナホ教室 ～女子全員妊娠計画～【電子限定特装版】 [文苑堂],300,75,2022-04-02
BJ238484,めるてぃーりみっと【デジタル特装版】 [GOT],715,50,2022-04-02
BJ243934,裏アカ乙女発情期 [文苑堂],300,75,2022-04-02
BJ254433,天煌聖姫ヴァーミリオン THE COMIC [キルタイムコミュニケーション],550,50,2022-04-02
BJ275864,俺は屑だからこそ救われる権利がある!【DLsite限定特典付き】 [茜新社],605,50,2022-04-02
BJ280080,ヒプノアプリ×タイムストップファンタジア [キルタイムコミュニケーション],660,40,2022-04-02
BJ282880,プロトタイプロリータ【DLsite限定特典付き】 [茜新社],605,50,2022-04-02
BJ287545,「オトコのコHEAVEN」 Vol.1～Vol.50 50巻パック [メディアックス],"12,177",82,2022-04-02
BJ291235,女のコはその指の動きに弱いんです【DLsite限定特典付き】 [茜新社],605,50,2022-04-02
BJ291236,ラブラブ抱っこしよ【DLsite限定特典付き】 [茜新社],605,50,2022-04-02
BJ295624,妹の裸を見て興奮するなんて変なお兄ちゃん【DLsite限定特典付き】 [茜新社],605,50,2022-04-02
BJ303977,COMIC LO 50巻パック [茜新社],"11,077",70,2022-04-02
BJ304901,性春ホリック【DLsite限定特典付き】 [茜新社],605,50,2022-04-02
BJ304903,ちいさいほうがエッチでしょ【DLsite限定特典付き】 [茜新社],605,50,2022-04-02
BJ310506,ないしょのむりくり【DLsite限定特典付き】 [茜新社],660,50,2022-04-02
RJ007741,Way [ぽに犬],990,50,2022-04-02
RJ012109,僧侶vs. [オレンジピールズ],275,50,2022-04-02
RJ013222,逆転陵辱エンジェルオンライン [トリニトロンCG],"1,386",30,2022-04-02
RJ016658,カラークラシック・ダウンロード特別版 [サイクロン],693,30,2022-04-02
RJ017248,しょうじょのみちくさ～どきどきおかいどくぱっけーじぷらす～ [Sage],770,30,2022-04-02
RJ017841,シンクレア・ダウンロード特別版 [サイクロン],693,30,2022-04-02
RJ021810,レイプ!レイプ!レイプ! [わるきゅ〜れ],"1,386",30,2022-04-02
RJ022177,魔法使いvs. [オレンジピールズ],275,50,2022-04-02
RJ023758,葉露 [ぽに犬],990,50,2022-04-02
RJ026617,Succubus Quest [SQDT],"1,155",30,2022-04-02
RJ026707,淫乱爆乳女教師 [梅麻呂3D],308,30,2022-04-02
RJ028186,ばつぐん彼女 [PINKBELL SOFTWARE],880,50,2022-04-02
RJ029391,スタータック・イドー ～ようこそ破邪の洞窟へ～ 前編 ダウンロード特別版 [サイクロン],616,30,2022-04-02
RJ030715,触手少女 [ソフトさーくるクレージュ],"1,386",30,2022-04-02
RJ032670,Real intention ～ココロのクサリ～ [ネガティブギャング],121,90,2022-04-02
RJ033066,プリンセスナイト☆カチュア～堕ちた竜騎姫～ [わるきゅ〜れ],"1,386",30,2022-04-02
RJ034512,コンビニ少女 ぱっちッチ [ベルゼブブ],77,30,2022-04-02
RJ034569,淫乱診察室 [梅麻呂3D],616,30,2022-04-02
RJ036095,Succubus Quest短編EXPANSION —白の史書と色づく魔物— [SQDT],770,30,2022-04-02
RJ039323,DragonMahjongg2PLUS [SPLUSH WAVE],"1,045",50,2022-04-02
RJ041728,犬姫姦々 [Hexenhaus],"1,463",30,2022-04-02
RJ042000,IMAGINE THOROUGHBRED:「GAME OVERS」 [EROQUIS!],770,30,2022-04-02
RJ050252,どエロ彼女 [Hexenhaus],"1,001",30,2022-04-02
RJ055600,P ! !  【\100】 [PINK☆DORAGON],77,30,2022-04-02
RJ056440,紋章外典・賤 [ヘチカニズム],77,30,2022-04-02
RJ057188,発情期彼女 -かわいいあの娘は幼なじみ- [さくらぷりん],385,30,2022-04-02
RJ057942,SACRIFICE HEROES:「セックス忍者ミソギ」 [EROQUIS!],231,30,2022-04-02
RJ059981,ぐりぐりキュートユフィ [ティーグラフ],"1,463",30,2022-04-02
RJ060595,妹発情期 -お兄ちゃん、私もう我慢できない- [さくらぷりん],385,30,2022-04-02
RJ060922,国民的セックスフレンド ～NENE～ [ヨロコビの国],231,30,2022-04-02
RJ061697,【¥100】 0 Q 3 0 ! [PINK☆DORAGON],77,30,2022-04-02
RJ062375,パロゴンクエスト -トロの勇者と運命の花嫁- Ver1.03 [さくらぷりん],924,30,2022-04-02
RJ064538,委員長の性奴隷日記 [73号坑道],693,30,2022-04-02
RJ069076,妹は生オナホ ～サヤカはお兄ちゃん専用性玩具～ [ヨロコビの国],462,30,2022-04-02
RJ070220,姉発情期 -ウソ!わたし弟に堕とされちゃう!?- [さくらぷりん],462,30,2022-04-02
RJ071520,杉本女医の淫乱痴療 [梅麻呂3D],693,30,2022-04-02
RJ073894,ドラモンクエスト～進化の秘法と生贄の姫たち～ [甘辛でいこう],990,50,2022-04-02
RJ074766,ゆみこ先生と僕 -アナタごめんなさい!私、生徒に膣内射精されひゃったぁ!- [さくらぷりん],462,30,2022-04-02
RJ076303,Lilipalace -淫魔の巣窟- [73号坑道],"1,309",30,2022-04-02
RJ076479,person of courage [ぽいずん],770,30,2022-04-02
RJ078162,SHINOBI GIRL -EROTIC SIDE SCROLLING ACTION GAME- [KooooN Soft],"1,463",30,2022-04-02
RJ079766,お師匠様と僕 -どこでもセクハラ☆おねショタRPG- Ver1.03 [さくらぷりん],385,30,2022-04-02
RJ080542,腐界に眠る王女のアバドーン [さくらぷりん],"1,386",30,2022-04-02
RJ081463,【¥100】D9～Hなぼうけんのしょ～ [PINK☆DORAGON],77,30,2022-04-02
RJ082656,2051年、性教育。 [光クラブ],539,30,2022-04-02
RJ083208,World Break [ぽいずん],770,30,2022-04-02
RJ084244,淫魔城 [PINK☆DORAGON],539,30,2022-04-02
RJ084937,お師匠様と僕 -完全版の素- [さくらぷりん],231,30,2022-04-02
RJ086506,魔法少女テト [とんこつ],550,50,2022-04-02
RJ086727,2052年、性教育。～少子化と性政策～ [光クラブ],539,30,2022-04-02
RJ087520,アイリス☆アクション [おいらん一味],"1,386",30,2022-04-02
RJ087612,ソル・ルイ-異界の魔法少女- [えのきっぷ],715,50,2022-04-02
RJ088554,苗床ダンジョンクロニクル [月の水企画],"1,001",30,2022-04-02
RJ091129,サイニィコンディショナー [Novel-Trance-Lab],231,30,2022-04-02
RJ092113,AliceQuest [ぽいずん],770,30,2022-04-02
RJ092384,気弱なメイドさんにセクハラをする! [おちん☆太郎],539,30,2022-04-02
RJ092583,精液ボテ→お〇んこ射精 ～スーパーリア充になった僕 ドスケベビッチと精液ボテライフ～ [ダイジョビ研究所],550,50,2022-04-02
RJ093206,ムチムチ地味子ビッチ化日記 [居酒屋よっちゃん],539,30,2022-04-02
RJ093282,ルドラの嬌声～女性化検体に関する報告書～ [恥辱庵],495,55,2022-04-02
RJ093503,売春スパイラル [73号坑道],616,30,2022-04-02
RJ094661,LIFE IS PARADISE 完全版 [sugar star],"1,001",30,2022-04-02
RJ095328,おさ○ビッチ ～お兄ちゃんの射精管理は妹のお仕事～ [ヨロコビの国],231,30,2022-04-02
RJ096364,J○拉致監禁レイプ ～気になる〇学生は僕専用の生オナホール～ [ソフトさーくるクレージュ],"1,386",30,2022-04-02
RJ097002,おやすみレイパー [田辺組],"1,155",30,2022-04-02
RJ097028,甥っ子チ●ポと相性良すぎて母娘マ◎コが夢中になっちゃったおはなし。 [PINK☆DORAGON],539,30,2022-04-02
RJ098950,迷宮のマリオネット [PCを窓から],385,50,2022-04-02
RJ099854,性器の対決!運動会で、おっアヘっ娘☆午前の部☆ [ダイジョビ研究所],550,50,2022-04-02
RJ100228,すずめちゃん発情期 -お兄ちゃんが妹のアヘ顔全国生配信!- [さくらぷりん],154,30,2022-04-02
RJ100732,年上のお姉さんと気持ちの良いコト! [ひぐま屋],330,50,2022-04-02
RJ102113,とある魔術で学園天国 [ドリル],561,70,2022-04-02
RJ102437,とらぶるだいあり～・ごーるど [マーマレード★スター],"1,309",30,2022-04-02
RJ102453,Valkyrie Destruction [ぽいずん],"1,155",30,2022-04-02
RJ102539,王様はおねショタの夢を見る [excess m],"1,463",30,2022-04-02
RJ102820,DRAGON SLAVE～屈辱の女勇者～完全版 [ねこまくらsoft],940,55,2022-04-02
RJ102897,合体!もののけ村!! [ベルゼブブ],77,30,2022-04-02
RJ103157,淫魔領リリム・ユニオン [月の水企画],"1,001",30,2022-04-02
RJ103523,サキュバスネスト [Chaos Gate],"1,155",30,2022-04-02
RJ103854,100円アニメ。vol.1 [アトリエこぶ],55,50,2022-04-02
RJ104756,グール×グーラ [Color Jelly],495,50,2022-04-02
RJ104995,ロリロリサキュバス ちぃ&amp;みぃ [桜桃],539,30,2022-04-02
RJ105046,自宅警備員 [ベルゼブブ],"2,387",30,2022-04-02
RJ105783,妹DE王様ゲーム ～合コンで妹とバッタリで王様ゲームする話～ [ヨロコビの国],462,30,2022-04-02
RJ106851,ソナビア-SonabiA- [えのきっぷ],715,50,2022-04-02
RJ107518,超★痴女メイド! [KENZsoft],"1,309",30,2022-04-02
RJ108676,Lv1勇者が女神・邪神と♀モンスター繁殖計画始めました! [蒼見鳥],"1,925",30,2022-04-02
RJ112034,たからさがしのなつやすみ【前編】 [さんどいっちわーくす],"1,045",50,2022-04-02
RJ112428,姉弟発情期プラス -お姉ちゃんのセックス強化訓練!- [さくらぷりん],231,30,2022-04-02
RJ114194,ささやき庵 琥珀 [VOICE LOVER],792,40,2022-04-02
RJ115009,もしも近所にHなサービスをしてくれる銭湯があったら [ひぐま屋],330,50,2022-04-02
RJ115727,自宅警備員 脅迫無双パッチ [ベルゼブブ],77,30,2022-04-02
RJ116033,絶対服従課金彼女 ～ソシャゲで課金して巨乳委員長にイタズラしまくる話～ [ヨロコビの国],462,30,2022-04-02
RJ116634,性転変異 ヴァン・ぱい・ヤ [あむぁいおかし製作所],220,60,2022-04-02
RJ117373,ヤリたい放題催眠性活～催眠で女の子を操って、変態行為を強制したりHしたりの抜きまくり生活～ [にゅう工房],385,50,2022-04-02
RJ118043,オークの肉壷～スケベなエルフのできるまで～ [PINK☆DORAGON],539,30,2022-04-02
RJ118625,UnHolY SaNctuaRy [アンホリ☆プロダクション],"1,155",30,2022-04-02
RJ119054,ぼっちでかわいくてほっとけない妖狐 [めがみそふと],132,90,2022-04-02
RJ119910,ロリクエ2～純白～ [BLACK PANDA],"1,100",50,2022-04-02
RJ120676,ヴィータ大脱出 [Heliodor],"1,078",30,2022-04-02
RJ121082,空想性犯計画「ユミ」  ～女子○学生自宅押し入り集団レイプ事件～ [GIRL SCORE],847,30,2022-04-02
RJ122605,WITCH GIRL -EROTIC SIDE SCROLLING ACTION GAME 2- [KooooN Soft],"1,463",30,2022-04-02
RJ123211,自宅警備員 明るひ家族計画パッチ [ベルゼブブ],77,30,2022-04-02
RJ123273,Way&#039;&#039; [ぽに犬],"1,287",35,2022-04-02
RJ123426,リリィナイト・サーガ～少女騎士と魔触の紋章～ [月の水企画],"1,001",30,2022-04-02
RJ123668,悶絶機械姦 [達磨さん転んだ],385,50,2022-04-02
RJ124117,百花繚乱 [ぽいずん],"1,155",30,2022-04-02
RJ124332,自宅警備員 平穏解体新書 [ベルゼブブ],77,30,2022-04-02
RJ124341,プリンセスサクリファイス～供犠姫フィーナの冒険～ [猫ひげラジオ],"1,155",30,2022-04-02
RJ126642,- 堕ちモノRPG - 聖騎士ルヴィリアス [ダイジョビ研究所],"1,045",50,2022-04-02
RJ127357,深刻なエラーが発生しました。 [盛りそば一丁],495,50,2022-04-02
RJ131117,拳系乙女ナツキ バッドエンド [すぺるふれあ],385,50,2022-04-02
RJ131395,癒し系専属ナースの七海さんに 優しくケアされたりイチャイチャしちゃうバイノーラル [ya-ho-games],495,50,2022-04-02
RJ131823,巨乳な従姉妹にムラムラして無知をいいコトに最後までヤっちゃった! [鳥居姫],462,30,2022-04-02
RJ131930,密室ブリード2 [ゲームコロン],"1,078",30,2022-04-02
RJ132039,おいしゃさんレイパー [田辺組],"1,155",30,2022-04-02
RJ132207,マフラー女子○学生雪蕩けレイプ [てくのみくす。],385,50,2022-04-02
RJ132262,お姉ちゃんの友達がとても性的だった弟くんの話 [ひぐま屋],330,50,2022-04-02
RJ132269,ささやき庵 琥珀 弐(特別版) [VOICE LOVER],858,40,2022-04-02
RJ132507,エッチドット工房(職人魂4) お仕置きティファ [ハリケーンドットコム],231,30,2022-04-02
RJ133837,J○ビッチに搾られたい [ヨロコビの国],539,30,2022-04-02
RJ133887,CREATURE HUNTER [あるめろソフト],924,30,2022-04-02
RJ134376,スーパードラモンクエスト～町と金と女と史上最大の戦い～ [甘辛でいこう],"1,375",50,2022-04-02
RJ134905,退魔巫女物語+おまけ [うんこモリモリ丸],715,50,2022-04-02
RJ135248,P.W.Petit01-凪と透け白ビキニで中出しエッチ- [DL SPECIAL PACK] [PASTEL WING],77,30,2022-04-02
RJ135981,女冒険者たちが砂漠のオアシスに立ち寄ると…… [色点屋],539,30,2022-04-02
RJ137139,おねえさんが可愛がって あ・げ・る ～あまぁく責められちゃうバイノーラル!～ [Garden of pleasure],550,50,2022-04-02
RJ137150,Lilitales -リリテイルズ- [73号坑道],"1,617",30,2022-04-02
RJ137910,えっちでかわいくてさびしがりやな妖狐【もふもふセール!】 [めがみそふと],132,90,2022-04-02
RJ138098,夏のひめごと。 [おてもと屋],715,50,2022-04-02
RJ138193,聖剣のセシリア～The Soul of Knights～ [ya-ho-games],990,50,2022-04-02
RJ138375,サキュバスメイズ [Jamming Software],"1,386",30,2022-04-02
RJ138742,ボクの奴隷娼館 [粗製],616,30,2022-04-02
RJ138941,里守の巫女 第一章 三女「桜」編 [げむお堂],385,50,2022-04-02
RJ139049,プールで出会ったおねえさんとエッチな関係になっちゃうお話 [ひぐま屋],330,50,2022-04-02
RJ139123,帰宅警備員 [ベルゼブブ],77,30,2022-04-02
RJ139359,小悪魔シェリー [blue arrow garden],"1,001",30,2022-04-02
RJ140344,赤首の闘技場 [えのきっぷ],924,30,2022-04-02
RJ141141,射精応援～もーっとチ○ポ頑張りなさい♪～ [防鯖潤滑剤],550,50,2022-04-02
RJ143161,サキュバスの言葉責めマインドコントロール [F・A・S],440,50,2022-04-02
RJ143293,FOUND DEAD -ファウンドデッド- Ver 1.7 [BigWednesday],770,50,2022-04-02
RJ143428,性器の対決!運動会で、おっアヘっ娘☆午後の部☆ [ダイジョビ研究所],550,50,2022-04-02
RJ145637,ぼっちでかわいくてほっとけない妖狐の耳かき【もふもふセール!】 [めがみそふと],302,75,2022-04-02
RJ146346,憧れのあの子の娘は僕の嫁 [ドリル],429,70,2022-04-02
RJ147049,誰もオレが判らないなら種付けしまくっても問題ないだろ! [とらいあんぐる！],330,50,2022-04-02
RJ147718,後輩のいいなり～事務的に搾られてマゾ奴隷に堕ちるまで～ [F・A・S],495,50,2022-04-02
RJ147727,ハーレムドーン - 中に ! 中に ! - [さくらぷりん],77,30,2022-04-02
RJ147875,女の子の日 成人向け総集編 [せみもぐら],"1,617",30,2022-04-02
RJ148874,癒嫁-美央 [ディーブルスト],99,90,2022-04-02
RJ148907,妖狐淫刀 [Color Jelly],495,50,2022-04-02
RJ149830,マジカルチェンジアリス [あせろら],990,50,2022-04-02
RJ149951,風紀剣士アサギ [アーリマン],616,30,2022-04-02
RJ150113,吸精サキュバスの幼児化調教催眠 [ホワイトピンク],495,50,2022-04-02
RJ151468,ヌレレイプ。透けた制服-トイレの巨乳J○雌豚肉便所 [TREETOP Helper],385,50,2022-04-02
RJ151650,UnHolY JaiL -Complete Edition- [アンホリ☆プロダクション],"1,155",30,2022-04-02
RJ153305,Bullet requiem -バレットレクイエム- [D-lis],"1,001",30,2022-04-02
RJ154472,怪しい団体のマインドセッション催眠 [F・A・S],550,50,2022-04-02
RJ154687,侵胎迷宮を抜けて [ハソユア],385,50,2022-04-02
RJ155445,可愛くて強引な肉食系のオレの嫁!【ダミーヘッドバイノーラル】【リアルSE】 [VOICE LOVER],792,40,2022-04-02
RJ156578,DRAGON PLANET～堕淫に抗う女騎士と望郷の魔法少女～完全版 [ねこまくらsoft],"1,452",40,2022-04-02
RJ156891,姉妹穴依存症 ～うちの頼りないお兄ちゃんが!かわいい弟が!ドスケベな雄になって大変!!～ [ダイジョビ研究所],550,50,2022-04-02
RJ157644,催眠音声-ハニーベル [帽子屋],693,30,2022-04-02
RJ157980,援交JKツインズ! ～閉所密着濃厚エッチ～ [カモネギちゃんねる],550,50,2022-04-02
RJ158171,J○ビッチに搾られたい2 [ヨロコビの国],539,30,2022-04-02
RJ158298,空想性犯計画「リョウコ」 ～女子高生下校中ストーカーレイプ事件～ [GIRL SCORE],847,30,2022-04-02
RJ159285,【TREASURE HUNTER】舞 探索型RPG ～伝説の宝～ [同人サークルGyu!],940,55,2022-04-02
RJ159375,絶頂催眠 ～砂時計の魔術にイカされる～ [電子書籍普及委員会],77,90,2022-04-02
RJ160236,ボクっ娘魔法少女の耳かき ～添い寝もはじめちゃいました!～ [めがみそふと],22,90,2022-04-02
RJ160339,とある村の筆下ろし事情 [ひぐま屋],385,50,2022-04-02
RJ160453,歳上で甘やかしてくれる癒し系のオレの嫁!【ダミーヘッドバイノーラルVOICE】【リアルSE】【超リアル耳舐め搭載】 [VOICE LOVER],792,40,2022-04-02
RJ161078,生殖の檻 [ラブリープリチー超愛してる],693,30,2022-04-02
RJ161783,ToROUBる-THEちゅぽちゅぽアニメーション- [木火土金水],220,80,2022-04-02
RJ162214,あまあまオナホコキ ～お兄ちゃん思いの優しい妹～ [チャーシューの向こう側],154,30,2022-04-02
RJ162946,外道勇者一行 [U-ROOM],825,50,2022-04-02
RJ163148,約1時間24分!ネット声優がダミーヘッドマイクで実演オナニー!本気の自慰録音!【高音質ハイレゾ+バイノーラル】 [VOICE DARKNESS],770,30,2022-04-02
RJ163156,妹友、償い [ディクシー],110,90,2022-04-02
RJ163302,【ダミーヘッド使用】ぼっちな君にバイノーラル音声でハッピーバースデー♪【超リアル耳舐め搭載】 [VOICE LOVER],792,40,2022-04-02
RJ163833,ディストピアの略奪者 ―The weakest go to the wall― [ONEONE1],"1,386",30,2022-04-02
RJ164524,HYPNOS FUCK-ヒュプノスファック [ベルゼブブ],"2,849",30,2022-04-02
RJ165225,戦国ニート [ジャクシークリエイト],"1,336",55,2022-04-02
RJ165659,苗床デモンズグラウンド ～奈落の孕姫～ [月の水企画],"1,001",30,2022-04-02
RJ166173,ダンジョンズ&amp;ヒロインズ-不思議の迷宮と異界の少女- [ルナソフト],"1,617",30,2022-04-02
RJ166763,さいみん13000～深海に潜むもの～ [F・A・S],550,50,2022-04-02
RJ167702,超能力でちょーエッチ!!さいみんハーレム学淫 [久那城],539,30,2022-04-02
RJ168213,触装少女調教 [達磨さん転んだ],77,90,2022-04-02
RJ170239,【特別価格】三人の援交娘たちが気弱な同級生を遊び半分でSEXに誘ったら逆に虜にされちゃったお話 [鳥居姫],77,30,2022-04-02
RJ170658,ゲーセン姫とDT男のイチャイチャ子作りラブセックス [とらいあんぐる！],330,50,2022-04-02
RJ171219,HYPNOS FUCK 性神覚醒パッチ [ベルゼブブ],77,30,2022-04-02
RJ171244,女魔王メリッサのHな冒険記～精液を集めるエロ魔王～ [あせろら],990,50,2022-04-02
RJ172002,事務的×淫語×おま○こメイド [防鯖潤滑剤],550,50,2022-04-02
RJ172655,レイプしたい女子に飽きるまで中出しして性処理道具のメス量産なう♪(DL特別版) [とらいあんぐる！],440,50,2022-04-02
RJ173356,ダークエルフのヒストリア [ONEONE1],"1,386",30,2022-04-02
RJ174230,Devil&#039;s Whisper -アクマノササヤキ- 【DHバイノーラル】【超リアル耳舐め】 [VOICE LOVER],792,40,2022-04-02
RJ175426,女騎士リフィナ～亡国の女騎士淫辱旅～ [吹溜],"1,078",30,2022-04-02
RJ175766,【催眠音声】マインドイーター [.␣ [Dot-Space]],880,20,2022-04-02
RJ175787,悪魔のメモ帳～チキンくん、排球少女と夢をみる～ [20+1],616,30,2022-04-02
RJ175803,Cure Face2-美菜【再編集版】 [ディーブルスト],77,90,2022-04-02
RJ176115,ビフレストの魔物娼館 [ミッドナイトプレジャー],"1,386",30,2022-04-02
RJ176344,退魔巫女遊戯 [うんこモリモリ丸],880,50,2022-04-02
RJ176518,おねショタ剣戟ACT パレードバスター [excess m],"1,155",30,2022-04-02
RJ177594,つゆ籠り 濡れ透け巫女レイプ [ハイエロ],539,30,2022-04-02
RJ177892,隣人がサキュバス [ひぐま屋],385,50,2022-04-02
RJ177899,Slave&#039;s Sword～自由都市編～ [ぽいずん],"1,155",30,2022-04-02
RJ178779,HYPNOS FUCK 催淫無双パッチ [ベルゼブブ],77,30,2022-04-02
RJ179073,クソ生意気な教え子JKをド淫乱ビッチに変貌させて子作りスタディーなう【DL特別版】 [とらいあんぐる！],550,50,2022-04-02
RJ179387,ウラレタウン [ゲームコロン],"1,309",30,2022-04-02
RJ179471,グール×グーラ・コンパーニャ [Color Jelly],495,50,2022-04-02
RJ179557,あなたをダメにするばぶばぶプレイ 癒しの赤ちゃんがえりトレーニング [いないいないばぁ],539,30,2022-04-02
RJ179721,童貞大好きイジワルお姉さんの極上手ほどき連続射精レッスン♪【音声作品】 [とらいあんぐる！],550,50,2022-04-02
RJ179801,限界!?お兄ちゃん シスタートラベル [いぬすく],990,50,2022-04-02
RJ180724,Jumble Jokers [とらうま商事],660,50,2022-04-02
RJ180752,スパイの快楽尋問催眠 [F・A・S],550,50,2022-04-02
RJ181109,177 連続少女レイプ事件 [ぱっくりパラダイス],924,30,2022-04-02
RJ181931,Succubus Rhapsodia [Dreamania],"1,540",30,2022-04-02
RJ182101,Lilitales -append disc- [73号坑道],77,30,2022-04-02
RJ183230,FIGHTING GIRL SAKURA-R [Umai Neko],825,50,2022-04-02
RJ183431,堕ち姫ルーシア物語 [BLACK PANDA],660,50,2022-04-02
RJ183783,すじもんクエスト～カチコミ!!～ [黒電車],"1,001",30,2022-04-02
RJ184054,ショウネンとヨルメイド [美遊穂堂],77,30,2022-04-02
RJ184394,THE 発禁少女～中出しレイプされた7人のロリ少女 悶絶お買い得パッケージ～【大容量1.8GB】 [Sage],462,70,2022-04-02
RJ184422,返品うさぎ [とこのま],231,30,2022-04-02
RJ184700,HYPNOS FUCK 催淫感染 [ベルゼブブ],77,30,2022-04-02
RJ185579,ダンジョンパーティー [ダンボールマンション],770,50,2022-04-02
RJ186190,花開く魔種 [ハソユア],715,50,2022-04-02
RJ186551,年齢のめっちゃ離れた教え子を受精・妊娠させたお話 [カルムアトモスフィア],385,50,2022-04-02
RJ186572,霊装神姫イリュシオン～漆黒に染まる蒼～ [にーきゅー],440,50,2022-04-02
RJ187480,"催眠なんてかからない!!!1,2,3,4 [にゅう工房]",550,50,2022-04-02
RJ188472,ささやき庵 添い寝屋本舗 萌菜 肆【超リアル仕様】 [VOICE LOVER],660,40,2022-04-02
RJ188627,あなたを抱きしめて耳元で全肯定してくれるお姉ちゃん【バイノーラル】 [防鯖潤滑剤],330,70,2022-04-02
RJ189096,癒しガール -sayuki- [Butterfly Dream],99,70,2022-04-02
RJ189197,イジゲントリップ催眠 [F・A・S],550,50,2022-04-02
RJ190251,King Exit [深爪貴族],"1,155",30,2022-04-02
RJ190307,囚われ勇者と魔王(女)とエルフ [ひぐま屋],385,50,2022-04-02
RJ190625,引きこもり妹とまいにちHライフ [ティッシュはこ],693,30,2022-04-02
RJ190846,超★痴女メイド!2 [KENZsoft],"1,309",30,2022-04-02
RJ194374,苦い貴方にお砂糖を [アクア・アルタ],154,80,2022-04-02
RJ195774,トレジャーハンタークレア～精液を集める冒険家～ [あせろら],990,50,2022-04-02
RJ195876,おいでませ!!自由風俗幻想郷2泊3日の旅123++ [にゅう工房],550,50,2022-04-02
RJ196116,ゼヴェンの孕姫 [ラブリープリチー超愛してる],"1,408",20,2022-04-02
RJ196860,ラズベリルキャッスル!～愚かな冒険者たちにえっちな制裁を [緒絶霊園],"1,001",30,2022-04-02
RJ197645,ニプルヘイムの狩人 -Branded Azel- [黒電車],"1,386",30,2022-04-02
RJ198071,いつもより沢山でりゅ!?『完全オナ指示』亀頭オナニーのすゝめ。 [デカスイカ3号],231,30,2022-04-02
RJ198406,クラスの女子達と射精遊び [せみもぐら],539,30,2022-04-02
RJ198900,Lust Grimm [むに工房],825,50,2022-04-02
RJ199309,実践「男の潮吹き」～射精を超えた快感 ばいのーらる! [空心菜館],495,50,2022-04-02
RJ199314,【催眠音声】昼下がり団地妻II～彼女なんて忘れさせてあげる～ [F・A・S],550,50,2022-04-02
RJ199335,PAIO HAZARD [でじたるおなほ～る],"1,232",30,2022-04-02
RJ199731,三枚のおふだ [ミンワ],77,30,2022-04-02
RJ200175,まことにざんねんですがぼうけんのしょ1は消えてしまいました。 [KAMINENDO.CORP],539,30,2022-04-02
RJ200363,触装少女調教2～アイカ編 [達磨さん転んだ],385,50,2022-04-02
RJ202392,淫魔ネムのChuChu精液探検記 [とらいあんぐる！],825,50,2022-04-02
RJ202798,ドミネイト・オーク ～家畜以下とされた惨めな人間族～ [オーク朝],495,55,2022-04-02
RJ202893,ぼくのひみつの夏休み [幼心の君に],660,50,2022-04-02
RJ202932,文学女子に食べられる [ひまわりのたね],539,30,2022-04-02
RJ203701,JK椎菜とえっちな勉強しませんか♪【バイノーラル録音】 [上海飯店],660,40,2022-04-02
RJ203898,サウンド・オブ・エクスタシー催眠 [F・A・S],550,50,2022-04-02
RJ204052,援交JKツインズ!2組目! ～閉所密着濃厚エッチ～ [カモネギちゃんねる],550,50,2022-04-02
RJ204531,家出娘が堕ちるまで [とらいあんぐる！],440,50,2022-04-02
RJ204695,強制露出プレイADVすごろくネイキッド[校内露出編]CG集 + [本編]用アペンドパッチプログラム [WhiteCute &amp; AlphaNuts],33,90,2022-04-02
RJ204823,くノ一牡丹 [えのきっぷ],"1,001",30,2022-04-02
RJ205150,むっちりサキュバスお姉さんに、甘ぁく責められて、 我慢も続かず、Hなダメダメ坊やにされちゃう音声♪ [Aggressive Measures],396,70,2022-04-02
RJ205518,ナコの魔法と純欲の怪人 [ダイジョビ研究所],"1,375",50,2022-04-02
RJ205621,サキュバスに精液を搾り取られた勇者が魔王討伐をやめました [ミミズサウザンド],616,30,2022-04-02
RJ206132,椎菜といっぱい夏休み♪〜甘くてトロトロな、種付けえっち〜立体音声付き [上海飯店],792,40,2022-04-02
RJ206303,不特定多数の男とベロチューセックスする島風寝取らせ本 [んほぉおおおぉおおおおおおおっおっ],539,30,2022-04-02
RJ206474,Branded AZEL【烙淫の娼女】 [黒電車],385,30,2022-04-02
RJ207427,【ギャル姫RPG】 メルティス・クエスト Meltys Quest Ver 1.2q [Remtairy (レムテイリー)],"1,540",30,2022-04-02
RJ207735,佐々木夏美の子宮が堕ちた日 [Iris art],539,30,2022-04-02
RJ208333,音声で手コキ 射精はゲームオーバー★快楽我慢ゲーム「早漏遺伝子滅亡計画1」〜優しいお姉さんからの攻撃に耐え、射精を我慢せよ〜 [072LABO],550,50,2022-04-02
RJ209760,Eliminator カエデさん [モヤシ技研],528,80,2022-04-02
RJ210055,操魔の器 [ハソユア],385,50,2022-04-02
RJ210101,おっぱいを触らせてくれる家庭教師のおねえさんの話 [ひぐま屋],385,50,2022-04-02
RJ210220,若妻スフレ [オドントティラヌス],770,50,2022-04-02
RJ210420,メイドのユキさんのすーぱーあまあまタイム [調教少女],770,30,2022-04-02
RJ210639,発情した女の子を慰める性欲処理係に任命されました [汁っけの多い柘榴],88,90,2022-04-02
RJ211185,ち○ぽに奉仕するのが幸福な世界でヤリたい放題 [ミミズサウザンド],88,90,2022-04-02
RJ212677,人間操りアイテム エロノートclub～ノートに書いたエロ内容は絶対に実現する～ [にゅう工房],176,80,2022-04-02
RJ212899,ロードナイトコンプレックス 魔城の姫騎士 [ヤマネコソフト],825,50,2022-04-02
RJ212976,討魔の乙女 [吹溜],"1,155",30,2022-04-02
RJ213053,クラス丸ごと犯りまくり♪ ～お金の力でセックス三昧～ [川中島工房],616,30,2022-04-02
RJ213146,裏庭の土地神様 [FuenoNe Works],825,50,2022-04-02
RJ213313,マジック&amp;スラッシュ-見習い冒険者リルのHな大冒険- [ルナソフト],"1,848",30,2022-04-02
RJ213606,Slave&#039;s Sword 2～帝国革命編～ [ぽいずん],"1,155",30,2022-04-02
RJ213699,教え子ドスケベビッチギャルに搾られるっ!! [汁っけの多い柘榴],616,30,2022-04-02
RJ213863,Anthesis アンテシス [しもばしら工房],841,15,2022-04-02
RJ213951,天使と悪魔の相反催眠 [F・A・S],550,50,2022-04-02
RJ213980,セックススマートフォン ～これさえあれば誰でも犯れる～ [かみか堂],385,30,2022-04-02
RJ214335,ドラゴンメイドのエッチなメモ帳エッチなご依頼はお辞めください [LOLOL],"1,078",30,2022-04-02
RJ214446,シスタースレイブ ～修道少女奴隷調教～ [らぷらす],"1,045",50,2022-04-02
RJ214512,あなたも出来る!『実践』かんたんスローオナニー【バイノーラル&amp;ハイレゾ】 [空心菜館],495,50,2022-04-02
RJ214977,ナコの魔法と純欲の怪人 ～即ヌキの欠片～ [ダイジョビ研究所],385,50,2022-04-02
RJ215006,ナイトメアガールズ [月の水企画],"1,001",30,2022-04-02
RJ215633,鬼と刀のメリトクラシー [ONEONE1],"1,617",30,2022-04-02
RJ215684,ロールディアの翼 [ウォータースプーン],935,50,2022-04-02
RJ216068,【ASMR】うち…お兄ちゃんのこと、ばり好いとーよ!～実家に帰ると、いとこに物凄く癒されちゃった件～ [ドッグイヤーカンパニー],385,50,2022-04-02
RJ216777,メスイキ中毒者のためのメス乳首化調教 [Chastity Fancier(性的禁欲愛好家)],"1,028",15,2022-04-02
RJ217199,ナイトオブエリン [sugar star],"1,155",30,2022-04-02
RJ217226,どんな女の子にも生ハメセックスできる魔法のノート [ミミズサウザンド],616,30,2022-04-02
RJ217746,ぱっつんJK痴漢列車 [kurai屋],231,30,2022-04-02
RJ217921,男の潮吹きデトックス!○玉が空になるまで無制限発射★【ハイレゾ/バイノーラル】 [空心菜館],495,50,2022-04-02
RJ218498,まことにざんねんですがぼうけんのしょ2は消えてしまいました。 [KAMINENDO.CORP],539,30,2022-04-02
RJ219313,おとなりさんからえっちなおすそわけ [さーべるたいにゃー],880,20,2022-04-02
RJ220365,冒険者の宿へようこそ! [ぺぺろんちーの],"1,485",50,2022-04-02
RJ220667,意地悪な後輩チアガール姉妹の射精我慢&amp;マゾ彼氏調教コース! [カモネギちゃんねる],550,50,2022-04-02
RJ220960,ネコロノミコン [でじたるおなほ～る],"1,232",30,2022-04-02
RJ221133,クラゲ娘ちゃんのあまあま♪愛玩交配日記 [とらいあんぐる！],440,50,2022-04-02
RJ221304,くノ一椿 [とらいあんぐる！],825,50,2022-04-02
RJ221441,だらしないクラスメートとまいにちHライフ [ティッシュはこ],770,30,2022-04-02
RJ221485,オークション [ハリケーンドットコム],539,30,2022-04-02
RJ221709,THE 密室～9人のスレンダー少女と閉鎖空間で連続中出しセックス～【大容量2.7GB】 [Sage],462,70,2022-04-02
RJ221870,うさみみボウケンタン [Loser/s],"1,155",30,2022-04-02
RJ221924,無口な黒瀬さんは俺らのいいなり [秘密結社うさぎ],462,30,2022-04-02
RJ222179,【Live2D】コン狐との日常+(ぷらす)  ～ぼっちでかわいくてほっとけない妖狐～ [めがみそふと],"1,375",50,2022-04-02
RJ222920,性義の怪盗セリアーヌ～エロトラップダンジョンの先のお宝を奪え!～ [あせろら],825,50,2022-04-02
RJ223075,バブみ射精管理～聖母のような微笑みにバブみを感じながら、ときにやさしく、ときに厳しく、何度も何度も射精管理されたい～ [マザースター],176,80,2022-04-02
RJ223373,【男の10倍気持ちイイ!?】メスイキッ 女性の性感体験セット。(バイノーラル&amp;ハイレゾ) [空心菜館],495,50,2022-04-02
RJ223459,三枚のおふだR まほろばの十二妖女 [ミンワ],385,30,2022-04-02
RJ224042,放課後の性処理室 [ひぐま屋],385,50,2022-04-02
RJ224571,Lizbel-リズベル- [ぱっくりパラダイス],"1,309",30,2022-04-02
RJ224653,欠損の愛娘 [達磨さん転んだ],385,50,2022-04-02
RJ225152,異能者少女欠損合同 [Fatalpulse],770,30,2022-04-02
RJ225200,JK椎菜とひみつのお泊まりしませんか♪【バイノーラル録音】 [上海飯店],660,40,2022-04-02
RJ225365,マーレと黒き海の迷宮 [ゆめなまこん],"1,078",30,2022-04-02
RJ225414,おねショタACT スマッシュボーイ [フル] [excess m],924,30,2022-04-02
RJ225541,淫妖怪談 公衆便所退魔録 [新世界漫画研究会],385,30,2022-04-02
RJ225801,どんな女の子でもデリヘル嬢にできる魔法のチケット [ミミズサウザンド],616,30,2022-04-02
RJ226647,JK民泊でご出張 ～美少女家主のラブラブご奉仕♪～(バイノーラル録音) [エモイ堂],110,90,2022-04-02
RJ226905,【ボイス追加版】陵辱×タワーディフェンス 種付け中出し雌奴隷化で異世界救済RPG ver2.00 [サークル暇乞い],715,50,2022-04-02
RJ227242,【ハイレゾ×バイノーラル】仕事終わりのあなたを、JKの幼妻が囁きHでいっぱい癒してあげます♪ [Whisp],440,60,2022-04-02
RJ227840,あなたも出来る!『脳イキ』ノーハンドオナニー【バイノーラル&amp;ハイレゾ】 [空心菜館],495,50,2022-04-02
RJ227957,クレアの小さな冒険記～精霊とお人よしのお姫様～ [ya-ho-games],"1,567",25,2022-04-02
RJ228079,催眠アプリでアッヘアヘ‼ [P-chish],616,30,2022-04-02
RJ228135,錬金術士と癒しのアトリエ [アクア・アルタ],385,50,2022-04-02
RJ228243,冒険者の宿へようこそ! ～アップグレードデータ～ [ぺぺろんちーの],55,50,2022-04-02
RJ228289,アプリであの娘を淫乱操作 [汁っけの多い柘榴],88,90,2022-04-02
RJ228642,ドSでビッチな花子さんのシコシコ耐久ゲーム♪[バイノーラル収録] [ふぇち部],539,30,2022-04-02
RJ228699,双子メイドのノルマ式乳首開発 [玄姫屋],495,55,2022-04-02
RJ228815,アユラクライシス! [ダメージ床の上で],660,50,2022-04-02
RJ228892,紅獄の剣士ティーナ [しなちくかすてぃーら],715,50,2022-04-02
RJ229357,【ハイレゾ×バイノーラル】そこのお兄さん、今日だけ私の赤ちゃんになりませんか? [Whisp],330,70,2022-04-02
RJ229613,弟の恋人が昔調教した元カノだった～その後～ [Crimson CROWN],462,30,2022-04-02
RJ229729,【ハイレゾ×全編バイノーラル】一泊してもいいけど、アタシに搾精させてくれない? [Whisp],330,70,2022-04-02
RJ230257,鬼と刀のメリトクラシーAppend [ONEONE1],77,30,2022-04-02
RJ230551,ビフレストの魔物娼館Plus [ミッドナイトプレジャー],770,30,2022-04-02
RJ230967,艦娘着妊 第六駆逐隊総集編 [悪転奏進],121,90,2022-04-02
RJ230970,艦娘着妊 懐胎候補艦総集編 [悪転奏進],121,90,2022-04-02
RJ231054,催眠スクール～催眠にかかる為の催眠音声～ [エロトランス],847,30,2022-04-02
RJ231124,冒険者の宿へようこそ! ～アップグレードデータ2～ [ぺぺろんちーの],55,50,2022-04-02
RJ231160,まことにざんねんですがぼうけんのしょ3は消えてしまいました。 [KAMINENDO.CORP],539,30,2022-04-02
RJ231390,ゆるギャルJK!!〜綾瀬ひなたがおち○ちんに堕ちるまで〜【バイノーラル録音】 [上海飯店],660,40,2022-04-02
RJ232953,寝取られ幼妻リアナ～流されやすい最愛の幼妻のHな日常～ [あせろら],825,50,2022-04-02
RJ233587,紋章騎士ノルド ～ケガレの紋章編～ [アーリマン],924,30,2022-04-02
RJ233698,ゼロから始める乳首開発!『実践』本当に気持ちいいチクニ―【バイノーラル&amp;ハイレゾ】 [空心菜館],495,50,2022-04-02
RJ234158,【5作品総集編】THE ネットオークション～落札されたヒロイン5人を思うまま!連続種付し快楽堕ちに至るまで～ [Sage],880,50,2022-04-02
RJ234351,メイド系過激リフレ 本日開店! [ぽこもぷれみあむ],"1,078",30,2022-04-02
RJ234605,スフィリアの使い魔 [dorgel],"1,155",30,2022-04-02
RJ234791,囚われの奴隷性活 [シロクマの嫁],385,50,2022-04-02
RJ234800,Succubus × Saint ～淫魔の宴と聖女の法悦～ [あいすシチュー],"1,386",30,2022-04-02
RJ235043,僕はちいさなサキュバスのしもべ [毛玉牛乳],385,30,2022-04-02
RJ235129,レナリスサーガ [チェリスソフト],"1,386",30,2022-04-02
RJ235149,毒舌後輩に純愛性欲処理される音声 [アゲハ蝶],770,30,2022-04-02
RJ235212,常識改変 痴女まみれの世界 [川中島工房],616,30,2022-04-02
RJ235435,Sweet Devil -アクマノトイキ-【超リアル高音質バイノーラル】 [VOICE LOVER],792,40,2022-04-02
RJ235569,【メスガキ×バイノーラルオナサポ】クソざこ敗北射精《負けイキ》しなさいっ! ～メスガキに性的に煽りに煽られて我慢できずにオナニー射精で負けてしまう～ [マザースター],220,80,2022-04-02
RJ235917,忘却のイグドラシル [黒電車],"1,540",30,2022-04-02
RJ236136,深淵の探索者 完全版 ～さらなる深みへ～ [ふらいんぐパンジャンドラム],"2,216",35,2022-04-02
RJ236253,ELEVATOR GIRL [ハリケーンドットコム],693,30,2022-04-02
RJ236651,エミリアーナ-魔契の聖女- [WhiteMoor],"1,386",30,2022-04-02
RJ236913,Lizbel-リズベル-～イベント追加&amp;中ボス追加&amp;イージーパッチ～ [ぱっくりパラダイス],11,90,2022-04-02
RJ237060,Ambrosia アンブロシア [しもばしら工房],"1,122",15,2022-04-02
RJ237176,まぐわい荘のシェアチ●ポ ～俺はみんなの共有財産～ [ミミズサウザンド],88,90,2022-04-02
RJ237908,【乳首性感】 乳首いじり専門店の甘々囁き乳首オナニーサポートプログラム♪ [ねこじた結社],770,30,2022-04-02
RJ238345,【新作100円】【全編バイノーラル】 甘やかしオナサポ～メイドのお姉さんの言う通り～【ボイス40分強】 [玄姫屋],49,55,2022-04-02
RJ238414,仮想童話は危険がいっぱい!?夢見がちな少女編1 [矢印キー],385,50,2022-04-02
RJ238415,仮想童話は危険がいっぱい!? 不幸なお姫様編1 [矢印キー],385,50,2022-04-02
RJ238441,霜月キリカは淫らな怪物に屈しない [雨音連鎖予報],385,50,2022-04-02
RJ238776,パニックパーティー [ダンボールマンション],825,50,2022-04-02
RJ238871,混浴温泉で年上のお姉さんにいっぱい射精させてもらう話 [ひぐま屋],385,50,2022-04-02
RJ239066,チ○ポ係 [ベレス解部],770,30,2022-04-02
RJ239186,はづみと子作りの国 [PC・Android] [みひらぎ亭],"1,144",20,2022-04-02
RJ239262,私立ぱこぱこ学園 [汁っけの多い柘榴],616,30,2022-04-02
RJ239661,レンタル彼女～本気セックスを覚えたら～ [Small Dog],616,30,2022-04-02
RJ239810,帝國の関所番 [テングステン],"1,056",20,2022-04-02
RJ239850,音喫茶ねころび [シロクマの嫁],495,50,2022-04-02
RJ240186,お屋敷づとめ。Vol.4―栗坂舞 昼下がりのふわふわご奉仕― [とらいさうんど],396,60,2022-04-02
RJ240204,お屋敷づとめ。Vol.5―一之瀬梨蘭 リラクゼーション岩盤浴― [とらいさうんど],396,60,2022-04-02
RJ240262,【洗髪・耳かき】あやかし郷愁譚 ～洗濯狐 お紺～【心と体のお洗濯】 [Whisp],352,60,2022-04-02
RJ240346,オニボク～鬼娘淫姦～ [らぷらす],"1,045",50,2022-04-02
RJ240457,フォーリン・ラビリンス ―隷属の少女たち― [ジュッカクゲームス],"1,386",30,2022-04-02
RJ240527,【お試し100円】彼女と一緒の帰り道～油井瑠奈々～ [Whisp],44,60,2022-04-02
RJ240561,【新作100円】快楽の館へようこそ～無口な後輩の無感情オナホプレイ編～【ボイス30分強】【7作品連動】 [玄姫屋],49,55,2022-04-02
RJ240699,J○さやかがちょーきょーめにゅーを提案しますっ!SPトラック「さやかママのちょーきょーめにゅー」【バイノーラル録音】 [ふぅりん堂],44,80,2022-04-02
RJ241013,ショタコンクエスト～僕のおち〇ちんが狙われている!～ [ハリケーンドットコム],"1,386",30,2022-04-02
RJ241084,チ○ポに群がる欲求不満なスケベ妻 [ミミズサウザンド],616,30,2022-04-02
RJ241102,【入浴・耳かき】あやかし郷愁譚 ～洗濯狐 お紺・秋～【焼き芋・香油マッサージ】 [Whisp],352,60,2022-04-02
RJ241413,自宅警備員2 -次女 彩編- [ベルゼブブ],77,30,2022-04-02
RJ242119,王国の守護天使 [sugar star],"1,155",30,2022-04-02
RJ242347,甘リリス [毛玉牛乳],616,30,2022-04-02
RJ242526,催眠ASMR-蠱惑のマッチ [帽子屋],770,30,2022-04-02
RJ242881,仮想童話は危険がいっぱい!?夢見がちな少女編2 [矢印キー],385,50,2022-04-02
RJ243106,魔法少女完全拘束!終わらない無慈悲連続絶頂機械姦!! [ふりかけぱらぱら],539,30,2022-04-02
RJ243745,じらし上手なありさちゃんに負けてはいけない ～射精したら交際決定だよ♪～ [調教少女],770,30,2022-04-02
RJ243832,俺 異世界で魔法使いになる [赤兎],462,30,2022-04-02
RJ244024,【耳かき・お手玉】あやかし郷愁譚 ～送り雀 ひよ～【こもりうた】 [Whisp],352,60,2022-04-02
RJ244317,無垢な金髪天使とえっちな異文化交流～セキニン取ってくださいネ～ [あまい惑星],308,30,2022-04-02
RJ244673,THE絶対服従 ～少女6人が「いいなり」に股を開く!!～【総容量3.0GB】 [Sage],770,50,2022-04-02
RJ244958,ショタ責めポリスの誘惑 ～エッチなお姉ちゃん婦警二人が僕の股間を逮捕しちゃう～ [ドレッド],110,90,2022-04-02
RJ244962,女子○生ビッチューバー [ミミズサウザンド],616,30,2022-04-02
RJ245166,305号室のオンナ～ようこそ、極太チ○ポに孕まされる運命の部屋へ～ [あまい惑星],308,30,2022-04-02
RJ245512,ダウナー系仲居のゆまちゃんに温泉旅行中に色エロされちゃうバイノーラルwith わかな&amp;わかば【KU100】 [ya-ho-games],660,50,2022-04-02
RJ245598,【耳かき・マッサージ】あやかし郷愁譚 ～送り雀 ひよ・春待ち～【おままごと】 [Whisp],352,60,2022-04-02
RJ245899,【ハイレゾ×KU100バイノーラル】ロリなママに甘えたい!〜耳が幸せになれる1日赤ちゃんライフ♪〜 [Whisp],330,70,2022-04-02
RJ246037,軋轢のイデオローグ [ONEONE1],"1,925",30,2022-04-02
RJ246162,ナイツ・オブ・メサイア【真実の答え】 [同人サークルGyu!],"1,925",30,2022-04-02
RJ246205,今日はあなたが私のご主人様♪～妹メイドの優しい隠語オナサポ～ [玄姫屋],49,55,2022-04-02
RJ246271,【ハイレゾ×KU100バイノーラル】耳かきリフレ『春乃撫子へようこそ』～姉妹セラピストによる幸福空間♪～ [Whisp],396,70,2022-04-02
RJ246597,色々な物に擬態してエッチな悪戯し放題 [一億万軒茶屋],616,30,2022-04-02
RJ246652,連休明けに登校すると見慣れた学園が女子生徒を原料にしたオナホ作成工場になっていたのだが、、、 [フリテン堂],385,50,2022-04-02
RJ247281,冒険者育成学校へようこそ! [ぺぺろんちーの],"1,375",50,2022-04-02
RJ247298,PrincessProject -プリンセスプロジェクト- [とらいあんぐる！],990,50,2022-04-02
RJ247461,巫女神さま [ぽいずん],"1,386",30,2022-04-02
RJ247530,魔王のハーレムは冒険者町にて [ダイジョビ研究所],"1,045",50,2022-04-02
RJ247787,【耳かき・ひんやり】あやかし郷愁譚 ～コロポックル パロポロ～【石狩鍋】 [Whisp],297,70,2022-04-02
RJ248561,【ハイレゾ×KU100バイノーラル】美容室『Aphrodite』 [Whisp],330,70,2022-04-02
RJ248714,【Live2D】コン狐との日常+(ぷらす) ごほうびパッチverクリスマス [めがみそふと],11,90,2022-04-02
RJ248823,メス盛りの団地妻は夫の居ぬ間に交尾する [ほっとみかん],539,30,2022-04-02
RJ249004,孕ませ期間!女がみんな発情期?びしょ濡れマ○コを俺のチ○ポで人助け! [汁っけの多い柘榴],88,90,2022-04-02
RJ249719,カウント100 聞かされ続けた敵と妻の子作りボイス [Iris art],539,30,2022-04-02
RJ249730,【耳かき・水遊び】あやかし郷愁譚 ～コロポックル パロポロ・初夏～【夏掛け、添い寝】 [Whisp],396,60,2022-04-02
RJ249877,エネマグラ所有者のための搾精責め調教 [Chastity Fancier(性的禁欲愛好家)],770,30,2022-04-02
RJ249908,錬精術士コレットのHな搾精物語～精液を集める錬精術士～ [あせろら],"1,265",50,2022-04-02
RJ249950,【ハイレゾ×KU100バイノーラル】幻想天国・和耳旅館～小さな妖狐姉妹による、甘やかしセラピー♪ [Whisp],396,70,2022-04-02
RJ250062,通学ロシア少女痴漢電車 [Sage],616,30,2022-04-02
RJ250073,まことに ざんねんですが ぼうけんのしょ4は消えてしまいました。 [KAMINENDO.CORP],539,30,2022-04-02
RJ250441,女子寮の管理人は種付けおじさん お嬢様JKがおじさんちんぽで孕むまで [一億万軒茶屋],616,30,2022-04-02
RJ250582,【舐め音特化】耳の奥底で蠢いて～舐め音に溺れるバイノーラル～ [ブラックマの嫁],385,50,2022-04-02
RJ250661,全てはバナナミルクのせい!!!うっかりハメられちゃって、姉も巻き込んで… [BlackK Studio],"1,072",25,2022-04-02
RJ250686,リサと淫魔のグリモワール [ゆめなまこん],"1,232",30,2022-04-02
RJ250700,クリッカー×Live2D 高飛車ツリ目な正義の変身ヒロインを1週間で快楽堕ちさせるSLG [サークル暇乞い],715,50,2022-04-02
RJ251003,【100円】イジバブメイド【KU100×30分以上】 [バブバブの森],55,50,2022-04-02
RJ251301,ゆるギャルJK!!(キリッ〜ひなは試験中ですヶド?〜【バイノーラル録音】 [上海飯店],715,35,2022-04-02
RJ251330,【KU100×囁き耳舐め】双子サキュバスお姉さま Vs.童貞勇者くん♪【バイノーラル】 [C_Realization],968,20,2022-04-02
RJ251551,仮想童話は危険がいっぱい!?IFボロ負けバッドエンド編 [矢印キー],385,50,2022-04-02
RJ252272,【寝取られ×オナサポ×バイノーラル】サキュバス姉妹の淫魔式オナニーサポート～童貞両耳責め寝取られマゾ射精背徳味～ [マザースター],220,80,2022-04-02
RJ252357,KUNG-FU GIRL -EROTIC SIDE SCROLLING ACTION GAME 3- [KooooN Soft],"1,463",30,2022-04-02
RJ252619,毒舌後輩彼女に純愛性欲処理される音声 [アゲハ蝶],770,30,2022-04-02
RJ252625,【耳かき・安眠導入】あやかし郷愁譚 ～雪御嬢 ゆき～【乾布摩擦】 [Whisp],330,70,2022-04-02
RJ253014,【集団ASMR×KU100バイノーラル】『放課後教室いじめ～クラスメートたちの前でオナニー強要される僕～ 』 [Whisp],330,70,2022-04-02
RJ253545,ねとられ少年×少女ものがたり 〜とあるロリ&amp;ショタのひと夏の思い出〜 [おどうぐばこ],"1,001",30,2022-04-02
RJ253595,姉と妹の性事情 [梅麻呂3D],"1,463",30,2022-04-02
RJ253742,巨乳バイトに囲まれて誘惑されたら不倫してもしょうがないよね [ミミズサウザンド],88,90,2022-04-02
RJ254067,自宅警備員2 -客人 梢編- [ベルゼブブ],77,30,2022-04-02
RJ254647,薄暗い部屋の中で一人ぼっちの女の子とランデブー [ティッシュはこ],770,30,2022-04-02
RJ254660,ドスケベ風紀委員長のエロエロ性活指導♪〜クラス1えっちな君の性欲管理しちゃいまぁ～すっ♪〜 [レジスタンス和歌山],935,15,2022-04-02
RJ254700,【催眠音声】マルチ囁き耳舐め連続絶頂催眠♪【KU100バイノーラル】 [C_Realization],968,20,2022-04-02
RJ254885,週に一度の全校催眠～学園の女子は校長先生のチ○ポ奴隷～ [一億万軒茶屋],616,30,2022-04-02
RJ255010,飢えたおじさん、ケダモノ化。～特濃孕ませセックス～ [ホワイトドロップ],616,30,2022-04-02
RJ255093,【耳かき・お鍋】あやかし郷愁譚 ～三吉鬼・サキ～【アイスマッサージ】 [Whisp],330,70,2022-04-02
RJ255109,【耳元吐息☆バイノーラル】みふゆのアソコの音、配信しちゃいます♪ [ブラックマの嫁],495,50,2022-04-02
RJ255112,【KU100囁き耳舐め】ドスケベ援交JK三姉妹と子作りえっち♪【トリプルバイノーラル】 [C_Realization],968,20,2022-04-02
RJ255186,催眠新聞 [百々ふぐり],308,30,2022-04-02
RJ255236,出会って2分で即エッチ!●witter嫁募集でロシア少女がやってきた! [Sage],539,30,2022-04-02
RJ255695,双子で事務的なJKメイドに性欲処理される生活。【バイノーラル】 [防鯖潤滑剤],550,50,2022-04-02
RJ255706,ど田舎の夏休みは発情した姪と汗ダク交尾するくらいしかヤルことがねぇ [ほっとみかん],539,30,2022-04-02
RJ256010,銭湯に来るお姉さんはみ～んなどスケベ!～番台くんのHなお仕事～ [パンとバタフライ。],616,30,2022-04-02
RJ256081,flowerwitch [ミシン工場],"1,001",30,2022-04-02
RJ256088,【ハイレゾ×KU100バイノーラル】『和耳リゾートホテル』のスペシャル耳とろセラピー～幸せ濃厚な耳責め搾精♪～ [Whisp],396,70,2022-04-02
RJ256115,触装少女調教3～雫編 [達磨さん転んだ],440,50,2022-04-02
RJ256172,The Dead End ～呪われし迷宮と乙女達～ [幼心の君に],660,50,2022-04-02
RJ256468,即おち!〜&quot;Sweet&quot;〜 脈なし女子を即堕ち催眠!→タピオカ大好きJKのんちゃん【バイノーラル録音】 [上海飯店],528,40,2022-04-02
RJ256636,脳内トランス～白目を剥くほど気持ちイイ音のドラッグ～【ハイレゾ/バイノーラル】 [シロイルカ],495,50,2022-04-02
RJ257029,SHISAKU-4GOU [RemonsanProject],308,30,2022-04-02
RJ257406,羞恥少女のエッチな借金返済生活～視線で感じる甘美な快楽～ [MoonGlow],"1,001",30,2022-04-02
RJ257641,【耳かき・踏み踏み】あやかし郷愁譚 ～あかしゃぐま すみ～【蒸しタオル】 [Whisp],330,70,2022-04-02
RJ257676,全自動機械調教プログラム [55%],825,50,2022-04-02
RJ257718,巨根すぎて神になった男～男根崇拝の村は俺のハーレム～ [汁っけの多い柘榴],616,30,2022-04-02
RJ257900,【新作100円】【全編バイノーラル】甘やかしオナサポ2～メイドのお姉さんの言う通り～【全編30分強】 [玄姫屋],49,55,2022-04-02
RJ258045,仮想童話は危険がいっぱい!?血塗れの悪い子前編 [矢印キー],440,50,2022-04-02
RJ258173,【ハイレゾ×KU100バイノーラル】耳かきリフレ『春乃撫子』へようこそ～ダブルご奉仕で、旦那様を幸せにします♪ [Whisp],396,70,2022-04-02
RJ258282,【耳かき・泥エステ】あやかし郷愁譚 ～七面頬 なな～【早口言葉】 [Whisp],330,70,2022-04-02
RJ258283,【耳かき・山遊び】あやかし郷愁譚 ～妹 夏葉～【お昼寝】 [Whisp],363,70,2022-04-02
RJ258284,【耳かき・聴診器】あやかし郷愁譚 ～幼馴染 ありす～【耳つぼマッサージ】 [Whisp],363,70,2022-04-02
RJ258285,【耳かき・千歯扱き】あやかし郷愁譚 ～牛鬼 とおこ～【ねんね】 [Whisp],363,70,2022-04-02
RJ258286,【耳かき・カミゴト】あやかし郷愁譚 ～星辰姫宮 ご開祖ちゃん～【響き鐘】 [Whisp],363,70,2022-04-02
RJ258362,あまえんぼ [ドージンオトメ],"1,309",30,2022-04-02
RJ258445,妹!せいかつ ～モノクローム～ [いぬすく],385,50,2022-04-02
RJ258827,自宅警備員2 - 給女 詩絵里編- [ベルゼブブ],77,30,2022-04-02
RJ259439,妻に隠れて娘達と不倫しています [ミミズサウザンド],616,30,2022-04-02
RJ260065,しあわせ幼な妻。～らぶらぶ子作り結婚初夜～ [WILL BE WELL],495,50,2022-04-02
RJ260228,搾精病棟(9)～性格最悪のナースしかいない病院で射精管理生活～ [搾精研究所],539,30,2022-04-02
RJ260784,戦姫バッドエンド -クールヒロイン無様敗北CG集- [妄想Caution],220,50,2022-04-02
RJ260800,はーとまーく多め。2 [NOSEBLEED],462,30,2022-04-02
RJ261011,ナンパビーチを誰とでもヤリまくりヌーディストビーチにしよう!! [貴様巻きソフト],770,30,2022-04-02
RJ262114,Charming Mate ～女王サキュバス育成日誌～ [とらいあんぐる！],880,50,2022-04-02
RJ262287,スカートと寄生虫 [カシノ木],616,30,2022-04-02
RJ262337,脳イキASMR2 [アトリエDr.HEAD&#039;S],220,50,2022-04-02
RJ262667,【べっ甲耳かき×深いねっとり耳舐め】耳かきリフレ『春乃撫子』へようこそ♪ ～ロリ店長による本気の極楽ご奉仕フルコース～【4時間30分】 [Whisp],528,60,2022-04-02
RJ262999,【バイノーラル/KU100】―夏ギャル。― [にゃんまぐろ同好会],77,30,2022-04-02
RJ263478,激カワ女服従!孕ませ中出し政策 [とらいあんぐる！],440,50,2022-04-02
RJ263741,イヴちゃんは触手パンツの餌食になりました。 [デベロッパーズ],385,50,2022-04-02
RJ263773,【尻尾耳かき】癒やされ処・夢月邸――夢魔の尻尾でお耳をちゅうちゅうマッサージ―― [Whisp],440,60,2022-04-02
RJ263806,潜入先で倫理観ゼロの犯罪者に変態アナル舐め奉仕させられた結果寝取られ公衆便器娼婦になっちゃった正義のY豚ちゃん本。 [んほぉおおおぉおおおおおおおっおっ],539,30,2022-04-02
RJ263832,【新・超ぐっぽり耳舐め!!】ギャルJKと援交えっち!?童貞卒業委員会♪【KU100バイノーラル】 [C_Realization],968,20,2022-04-02
RJ263904,【耳舐め特化5時間半】耳イキ天国『猫甘ロッジ』～JK猫神様は耳舐めジャンキー♪～【つげ耳かき】 [Whisp],528,60,2022-04-02
RJ263945,【大作6時間30分】JKリフレ『お耳あまとろ委員会』～現役JK癒々花さんは搾精上手♪～【ステンレス耳かき】 [Whisp],429,70,2022-04-02
RJ264139,精子がお金代わりのエロの国で足腰立たなくなるまで搾り尽くされる [一億万軒茶屋],616,30,2022-04-02
RJ264393,ギャルな生徒会長と過ごすひと夏 [おちちお],539,30,2022-04-02
RJ264701,種付け学園 いきなり☆ハーレム ～君はクラスの種付け係に選ばれました～ [調教少女],"1,155",30,2022-04-02
RJ264906,おねショタA-RPG 夢から醒めた亡者 [excess m],"1,386",30,2022-04-02
RJ265004,魔法少女コノハ-LOLIQUE2GAIDEN- [BLACK PANDA],"3,168",10,2022-04-02
RJ265148,【10作目記念♪100円!】小悪魔系ビッチアイドルとレッスンルームのトイレでH 森下さあや [Snow Prism],11,90,2022-04-02
RJ265230,精液欲しさにキモ豚と呼んでいた僕に従うしかない女達 [ミミズサウザンド],616,30,2022-04-02
RJ265586,【6時間3声優】JKリフレ『お耳あまとろ委員会』耳が1日中幸せになる、JKハーレムプレイ♪ [Whisp],429,70,2022-04-02
RJ265627,事務的に性欲処理をしてくれるクールで優しいエルフさん【バイノーラル】 [防鯖潤滑剤],550,50,2022-04-02
RJ265887,【Wお耳甘やかしASMR】『幼児退行喫茶・ばぶばぶカフェ――お客様は赤ちゃんです――』 [Whisp],528,60,2022-04-02
RJ265946,サキュバスアカデミア [SQDT],"2,079",30,2022-04-02
RJ266116,Pray Game [U-ROOM],"1,936",20,2022-04-02
RJ266309,欲情姉弟、禁断セックス 〜止まらない性欲に溺れる姉と弟〜 [ホワイトドロップ],616,30,2022-04-02
RJ266492,エッチな夢をみる音声!～『実践』明晰夢で発射する究極の夢精～【ハイレゾ&amp;バイノーラル】 [空心菜館],495,50,2022-04-02
RJ266501,気軽にコンビニで女の子を生オナホとして買える世界 [汁っけの多い柘榴],88,90,2022-04-02
RJ266554,本当に深い耳&#039;&#039;奥&#039;&#039;舐め ～お耳の奥が気持ちよくなる≪深層ASMR≫～ [パステル×トリップ],770,30,2022-04-02
RJ266951,密かにJ○ハーレムを築いた田舎で何も知らない従妹三姉妹と一緒に住むことになったので…… [一億万軒茶屋],616,30,2022-04-02
RJ267236,【希少木材!鉄木耳かき】耳かきリフレ『春乃撫子』へようこそ♪～耳かき・散髪・耳舐めエッチの極エロフルコース♪【5時間40分】 [Whisp],484,60,2022-04-02
RJ267322,【純チタン耳かき×密着れろれろ耳舐め】『お耳あまとろ委員会』ゆるふわお姉ちゃんJKの長時間お耳甘やかしプレイ♪【6時間17分】 [Whisp],528,60,2022-04-02
RJ267345,【たがや×縞黒檀ダブル耳かき】癒やしの旅亭・和耳温水館～犬神3姉妹の極楽濃密耳責め天国♪～【6時間】 [Whisp],429,70,2022-04-02
RJ267624,塩対応な風俗嬢の財布に堕ちる ―コスプレ風俗着衣エッチフルコース― [ふらいでぃっしゅ],88,90,2022-04-02
RJ268016,即おち!〜&quot;Sweet&quot;〜脈なし女子を即堕ち催眠→居酒屋バイトJDこのは・おねだり生中♪膣内射精【バイノーラル録音】 [上海飯店],715,35,2022-04-02
RJ268060,【全編ダミヘ化!】溺愛彼氏が狂愛彼氏に変わるまで―贈守誠― [A-chromatic color],924,30,2022-04-02
RJ268207,【生耳かき】耳かきASMR×裏オプ援交 ～人気耳かき店の看板JKをお持ち帰りしてみたら～ [エモイ堂],660,50,2022-04-02
RJ268343,ボッチなお陰で修学旅行中ずっとビッチとヤり放題 [ミミズサウザンド],88,90,2022-04-02
RJ268345,プリンセスエスケープ [なぎや本舗],"1,001",30,2022-04-02
RJ268860,【後輩耳舐め】センパイ、バレちゃダメですよ?～退屈後輩と図書委員のお仕事～ [Whisp],440,60,2022-04-02
RJ269025,ビキニアーマー エクスプローラーズ [キラリス舎],"1,155",30,2022-04-02
RJ269035,卵の鍵 [ハソユア],880,50,2022-04-02
RJ269241,SHISAKU-5GOU [RemonsanProject],385,30,2022-04-02
RJ269335,夏色のコワレモノ [しなちくかすてぃーら],"1,309",30,2022-04-02
RJ269453,お姉ちゃんの友達がエッチな人ばかりだったから [ひぐま屋],330,50,2022-04-02
RJ269461,双子でクールなJKアイドルが性処理オナホになってくれる生活。【バイノーラル】 [防鯖潤滑剤],550,50,2022-04-02
RJ269554,アリアと迷宮の秘密 [つきみたけ],"1,980",10,2022-04-02
RJ269742,アルテミスパール～海賊姫ルビナと幻の秘宝～ [とらいあんぐる！],990,50,2022-04-02
RJ269753,【両耳奥ぐちゅぐぽ+乳首攻め】貴方はお姫様の暇つぶし玩具～囚われのお姫様～ [ブラックマの嫁],495,50,2022-04-02
RJ269830,駄メイドさんは愛されたいっ! [おちちお],616,30,2022-04-02
RJ269906,姉の胸が大すぎる! [ピリオデストラクション],616,30,2022-04-02
RJ270258,【金銀耳かき】耳かきリフレ『春乃撫子』へようこそ～2人でお耳と股間を幸せにする、贅沢お泊りプレイ♪【6時間の癒し】 [Whisp],429,70,2022-04-02
RJ270381,【キメオナ体感!】脳内エクスタシー～涙が出るほど気持ちいい幸福な音のドラッグ～【ハイレゾ/バイノーラル】 [シロイルカ],495,50,2022-04-02
RJ270581,【耳舐め超特化作品】せんべろ-千円でべろべろになるまで舐められちゃう耳舐め風俗店-【極・耳舐め】 [HORNET],357,35,2022-04-02
RJ270645,真面目な委員長がオナニー日記をつけているなんて… [dobuworks],"1,155",30,2022-04-02
RJ271233,キスしちゃダメ? [のらくらり。],346,55,2022-04-02
RJ271258,足枷～人妻はいつも調教される運命に～ [割れ目],539,30,2022-04-02
RJ271879,トリップオーガズム～手が止まらなくなり勝手に射精してしまう強烈な快感音声～【ハイレゾ/バイノーラル】 [シロイルカ],495,50,2022-04-02
RJ271974,仮想童話は危険がいっぱい!?夢見がちな少女編3 [矢印キー],616,30,2022-04-02
RJ272137,三枚のおふだ 鼎 コドクの妖己 [ミンワ],924,30,2022-04-02
RJ272147,魔導士ティアと不思議な大図書館～Hな鑑定と恥療で世界を救う淫乱魔導士～ [あせろら],990,50,2022-04-02
RJ272224,催眠新聞2 [百々ふぐり],308,30,2022-04-02
RJ272263,EDMトリップオーガズム催眠 [F・A・S],660,50,2022-04-02
RJ272292,【炭酸癒しと耳舐め囁きエッチ】『Healing of King～ロリっ子エルフの炭酸射精～』 [Whisp],484,60,2022-04-02
RJ272311,【温泉宿で耳かき耳舐め】癒やしの温泉宿・和耳苑～狐耳の女将が尽くしてくれる、一泊二日の極楽時間♪【5時間30分】 [Whisp],528,60,2022-04-02
RJ272384,叱られ射精 [もぷもぷ実験室],33,90,2022-04-02
RJ272628,【水音特化れろれろ耳舐め】JKリフレ『お耳あまとろ委員会』～新米セラピストによる、耳責め官能コース♪【7時間】 [Whisp],429,70,2022-04-02
RJ272766,貴方の眠れる音、探しましょう?～水・泡・波の音～ [シロクマの嫁],539,30,2022-04-02
RJ272893,俺 異世界で魔法使いになる 2 [赤兎],539,30,2022-04-02
RJ273129,艦娘着妊前夜グレカーレちゃんのメスガキ上位プレイ [悪転奏進],77,90,2022-04-02
RJ273353,囚われ王女を犯した少年 [けもみみ駅],539,30,2022-04-02
RJ273657,即おち!～&quot;Sweet&quot;～脈なし女子を即堕ち催眠→レイヤーnicoちゃん低音アクメでオフパコ催眠【バイノーラル録音】 [上海飯店],786,35,2022-04-02
RJ273744,劣等遺伝子に汚される [STARWORKS],"1,936",20,2022-04-02
RJ274018,【ダブル舐め舐め癒し】『癒やされ処・夢月邸――二人のあかなめから体中れろれろマッサージ――』 [Whisp],528,60,2022-04-02
RJ274112,この島は俺のチンポを中心に回っている -美人だらけでSEXしか娯楽がない島なのに男は俺一人- [一億万軒茶屋],616,30,2022-04-02
RJ274415,犯(×)カラーズ [毎日健康生活],539,30,2022-04-02
RJ274510,悪魔の石板と呪いの犬姫 [HappyLambBarn],929,35,2022-04-02
RJ274551,セピアちゃんは調教マシンの餌食になりました。 [デベロッパーズ],385,50,2022-04-02
RJ275354,シングルマザーの叔母さんとのイチャラブ授乳交尾はめちゃくちゃ気持ちいい [ほっとみかん],539,30,2022-04-02
RJ275649,バイブインパンツ [村上水軍の館],539,30,2022-04-02
RJ275914,【新・超ぐっぽり耳舐め!!】優しいメイドお姉さんに甘えた～い!童貞卒業委員会♪【KU100バイノーラル】 [C_Realization],968,20,2022-04-02
RJ275918,退魔忍リカミリア [CHARAN PORAN],385,50,2022-04-02
RJ275997,軋轢のイデオローグAppend [ONEONE1],"1,155",30,2022-04-02
RJ276342,『彼女が寝かしつけてくれるASMR』～耳かき、添い寝、心音～ [白いラブレター],308,30,2022-04-02
RJ276660,贈守誠の救済/上巻「毒占欲編」 [A-chromatic color],"1,408",20,2022-04-02
RJ276879,メスガキがあらわれた！ [はめんず],462,30,2022-04-02
RJ277019,勇者監禁～淫魔に堕とされた女勇者～ [Under Rain],990,50,2022-04-02
RJ277054,【耳かきと癒し】『Healing of King～おっとり僧侶のいやらしマッサージ～』 [Whisp],484,60,2022-04-02
RJ277338,時間停止!!クラスの女子は俺のオナホになりました。 [P-chish],385,30,2022-04-02
RJ277579,中出しレイプしても黙ってるならもっと早く犯せばよかった… [TOZAN:BU],231,30,2022-04-02
RJ277627,メスガキゆまちゃんに犯される [戎島実里],330,50,2022-04-02
RJ277631,サキュバスアフェクション ～SuccubusAffection～ [さきゅばすの日記],"1,694",30,2022-04-02
RJ277750,【6時間】高級美娼女クラブ『Seraphinite affection』国民的アイドルの夜通し耳責め天国プレイ♪ [Whisp],396,70,2022-04-02
RJ278019,MECHANICA――うさぎと水星のバラッド―― [Loser/s],"1,386",30,2022-04-02
RJ278044,スノウブランディア [circle rin],"1,386",30,2022-04-02
RJ278165,射精管理JK×2の耳元誘惑トレーニング～一緒に早漏治そうね?～ [ブラックジャック],143,90,2022-04-02
RJ278424,不思議の国のサキュバス [むに工房],"1,496",20,2022-04-02
RJ278506,妻獲り迷宮~シェラリィドの異種姦終身刑~ [I&#039;m moralist],"1,496",20,2022-04-02
RJ278635,【猫舐め10時間】耳イキ天国『猫甘ロッジ』その弐～JK猫神様と過ごす、1泊2日の耳イキ搾精ライフ♪～ [Whisp],330,80,2022-04-02
RJ278789,『君につつまれて…』-環境ヒーリング音声- 癒し 安眠 波音 バイノーラル CV涼花みなせ [RAIMULIGHT(ライムライト)],55,50,2022-04-02
RJ278830,【ヘッドスパ耳かき+エッチなオプション】美容室『Aphrodite』鳴海由里乃編 [Whisp],484,60,2022-04-02
RJ278885,楽園歩きのリフレイン [ゆめなまこん],"1,463",30,2022-04-02
RJ278963,本当に深い「&#039;&#039;生&#039;&#039;耳かき」と「耳&#039;&#039;奥&#039;&#039;舐め」～お耳の奥をしっとりエッチに刺激する≪深層ASMR≫～ [パステル×トリップ],770,30,2022-04-02
RJ279629,贈守誠の救済/下巻「解毒編」 [A-chromatic color],"1,408",20,2022-04-02
RJ279780,アルテミスパール～海賊姫ルビナと幻の秘宝～ボイスパッチ [とらいあんぐる！],165,50,2022-04-02
RJ279843,キミのこと、大好きだから…いっぱいいっぱいシテあげる♪【KU100バイノーラル】 [パースペクティブ少女幻奏],660,50,2022-04-02
RJ279860,天才貧乳魔法使いちゃんの膨乳実験  チクニー、肉体改造、搾乳、露出、快楽堕ち、少女は後戻りできない身体になっていく…… [ゆらゆらせゆーら],385,30,2022-04-02
RJ280136,同級生のJKに廃課金したら耳舐めしてくれたお話♪ [ダチュラスクリプト],660,50,2022-04-02
RJ280234,【吸血耳舐め】『Healing of King～未熟な吸血鬼の吸精オイルマッサージ～』 [Whisp],484,60,2022-04-02
RJ280239,【ヘッドスパ+エッチな中出しオプション】美容室『Aphrodite』鬼塚莉々奈編 [Whisp],484,60,2022-04-02
RJ280383,【新作100円】コスプレ少女のシコシコ虐め～しっかり我慢してくださいね♪～ [玄姫屋],49,55,2022-04-02
RJ280406,ひたむきツインテール [おちちお],616,30,2022-04-02
RJ280418,【超至近距離耳舐め/唾液バブルサウンド】テクノブレイカー～手が止まらなくなり死ぬまで射精する強烈な快感音声～【ハイレゾ/バイノーラル】 [シロイルカ],605,50,2022-04-02
RJ280496,いじめられっ娘の根暗女が実はド変態でいじめっ娘の初なギャルに仕返しをする百合 [ピリオデストラクション],616,30,2022-04-02
RJ280657,プリンセスハーレム [らぷらす],"1,265",50,2022-04-02
RJ280715,【もぞもぞフォーリー】はだかそいね 柚木ちさとセンパイ編 ～秘湯巡りで急接近!布団の中でなら、何したっていいよね♪～【KU100ハイレゾバイノーラル】 [エモイ堂],660,50,2022-04-02
RJ281046,戦姫バッドエンドII -聖なるヒロイン無様敗北CG集- [妄想Caution],220,50,2022-04-02
RJ281053,【耳舐め超特化作品】せんべろ2 -10分千円でお耳をべろべろに舐められちゃう耳舐め風俗店-【極・耳舐め】 [HORNET],500,35,2022-04-02
RJ281302,【6時間50分】高級美娼女クラブ『Seraphinite affection』～有名コスプレイヤーのトロ舐めご奉仕♪～ [Whisp],396,70,2022-04-02
RJ281336,千夏ちゃんはなにもできない [さきっちょだけ!],539,30,2022-04-02
RJ281451,見習い錬金術師ちゃんの睡眠膨乳改造  ー無垢な身体は、眠りの中で開発されていくー [ゆらゆらせゆーら],385,30,2022-04-02
RJ281826,ワンコな後輩の獣欲 [white mist],495,50,2022-04-02
RJ282001,【美容室ASMR】美容室『Aphrodite』菱山六花 [Whisp],484,60,2022-04-02
RJ282498,【人間家畜】優しいお姉さんによる精液搾り★何度もイカせる「ルーインドオーガズム1・精液搾りの畜産農家編」〜何度も出せるテクニックRuined orgasm〜 [072LABO],550,50,2022-04-02
RJ282616,オプスキュリテ・マジー ～ 堕落の街ルエディダリア [瞬間フローライター],990,50,2022-04-02
RJ282765,性感マッサージにハマってしまったバレー部女子の話～前編～ [かみか堂],539,30,2022-04-02
RJ283176,【超・超!!ぐっぽり耳舐め!!】ツンデレJKとはじめてえっち!童貞卒業委員会♪【KU100バイノーラル】 [C_Realization],968,20,2022-04-02
RJ283271,アルディアの塔 [おっえむ],"1,760",20,2022-04-02
RJ283273,性感マッサージにハマってしまったバレー部女子の話～中編～ [かみか堂],539,30,2022-04-02
RJ283537,クソ生意気なロリ巨乳メスガキをおとなチンポでわからせる [やわらか太陽],539,30,2022-04-02
RJ283845,【ねっとりぐちゅぐぽ耳奥耳舐め】いっぱい甘えてダメになっちゃえ♪【両耳舐めも!】 [ブラックマの嫁],495,50,2022-04-02
RJ284024,艦娘着妊第六駆逐隊総集編2 [悪転奏進],132,90,2022-04-02
RJ284031,魔女の作り方 [むつ屋],308,30,2022-04-02
RJ284186,【超・超!!ぐっぽり耳舐め!!】生意気ドスケベ家出ギャルJKと子作りえっち!?童貞卒業委員会♪【KU100バイノーラル】 [C_Realization],968,20,2022-04-02
RJ284452,魔王のハーレムは冒険者町にて  ～分裂乱交日記～【ボイス&amp;イベント追加】 [ダイジョビ研究所],715,50,2022-04-02
RJ284617,異世界エロRPG エロティックワールド ～エッチなユニークスキル「エロティックタイム」～ [ジャクシークリエイト],"1,980",40,2022-04-02
RJ285088,お風呂でいっしょに ～◯リっ子姉妹の身体洗い～ [STUDiO G-POWER!],770,30,2022-04-02
RJ285228,【100円/ASMR】大人赤ちゃんのためのエッチな保育園 甘園房 ～ゆかりママとうちで過ごそう～ [ホワイトピンク],55,50,2022-04-02
RJ285620,田舎の無知ムチっ娘達とセックスして遊ぼう [一億万軒茶屋],616,30,2022-04-02
RJ285826,天使をやめる、七祈田のえる。〜気持ちぃおなかの中の音〜【断面音&amp;バイノーラル録音】 [上海飯店],792,40,2022-04-02
RJ285869,【たっぷり7時間】高級美娼女クラブ『Seraphinite affection』大物女優の、脳イキ&amp;耳責め&amp;ワンナイトラブ♪ [Whisp],594,70,2022-04-02
RJ286032,クリペロサロン～私の専属ペロリスト～ [Under Rain],990,50,2022-04-02
RJ286139,【実際に行為をしていると感じる】あだると放送局5～綾姉と作品制作編～【声/音同時収録!】 [シロクマの嫁],660,50,2022-04-02
RJ286423,ボクのセフレなじみ～ド変態エロ本を見つけてしまった夏～ [にゅう工房],385,50,2022-04-02
RJ286427,【耳舐め超特化作品】せんべろ3 -ひな子が10分千円でお耳をべろべろに舐めちゃうぞ?-【極・耳舐め】 [HORNET],500,35,2022-04-02
RJ286542,エロトラップスイーパー [ZNZN Games],"1,287",10,2022-04-02
RJ286597,神隠し しょぅじょ贄 [ベェーカリィー],"1,078",30,2022-04-02
RJ286612,スペシャルオナニーサポート～お姉さんがお耳でお手伝い♪～ [ブラックジャック],77,90,2022-04-02
RJ286680,神具姫ヒーローアンチドミー [ダイジョビ研究所],"2,079",30,2022-04-02
RJ286688,あまえんぼ+(Append) [ドージンオトメ],616,30,2022-04-02
RJ286738,性感マッサージにハマってしまったバレー部女子の話～後編～ [かみか堂],539,30,2022-04-02
RJ286765,スカートと寄生虫2 [カシノ木],616,30,2022-04-02
RJ286843,呪いの指輪でゲームオーバー [矢印キー],693,30,2022-04-02
RJ287266,バイブインパンツ2 [村上水軍の館],539,30,2022-04-02
RJ287536,少年の放課後 [白いお布団],462,30,2022-04-02
RJ287590,放課後の教室は生ハメ接待室 [ミミズサウザンド],616,30,2022-04-02
RJ287668,【ダブルで6時間】耳かきリフレ『春乃撫子』へようこそ♪～耳かき・洗髪・耳舐めのデラックスコース♪ [Whisp],594,70,2022-04-02
RJ287794,BegieAde ～嘘と報復のリリック～ [惑星パンデミック],"1,001",30,2022-04-02
RJ287989,お義母さんで精通しちゃった亮太くん [ひぐま屋],330,50,2022-04-02
RJ288003,事務的に性欲処理をしてくれるクールで優しいエルフさん【バイノーラル】～いやらしい言葉、もっとたくさん言ってあげる～ [防鯖潤滑剤],550,50,2022-04-02
RJ288042,パーティに雇った魔法使いに無責任種付けする話 [イニシアティ部],385,30,2022-04-02
RJ288284,亜人ハーレム [アネモネ*],616,30,2022-04-02
RJ288667,Lost Life [HappyLambBarn],"1,980",25,2022-04-02
RJ288858,【KU100】二人の嫁と毎日ナマハメ妊活をしまくるお話♪ [ダチュラスクリプト],715,50,2022-04-02
RJ288902,魔王監禁～オレ様勇者に捕らわれた女魔王～ [Under Rain],792,60,2022-04-02
RJ288988,奴隷を犯した少年 [けもみみ駅],539,30,2022-04-02
RJ289187,文学系幼馴染のちょっといじわるな溺愛 [white mist],792,20,2022-04-02
RJ289360,【丸呑み/全身舐め】触手の海に呑まれ、愛される～ゾクゾクが止まらない耳奥舐め～【舐め音/水音たっぷり♪】 [ブラックマの嫁],495,50,2022-04-02
RJ289701,俺をイジメていた同級生の女子達を肉体操作アプリでハメまくり [一億万軒茶屋],616,30,2022-04-02
RJ289999,海水浴に来るお姉さんはみ～んなどスケベ! [パンとバタフライ。],616,30,2022-04-02
RJ290576,淫魔のトラップアイランド [月の水企画],"1,001",30,2022-04-02
RJ290801,【おま〇こ耳舐め】耳オナ☆耳元オナニー専門店～私のおま〇こ沢山使ってね♪～【生オナホモード付き!】4時間半! [シロクマの嫁],660,50,2022-04-02
RJ291279,【耳舐め超特化作品】耳舐めサキュバス -ぐっぽり脳イキ悪魔舌の淫夢-【極・耳舐め】 [HORNET],500,35,2022-04-02
RJ291291,『Seraphinite affection』～ジ○ニアアイドルのご奉仕フルメニュー♪ [Whisp],594,70,2022-04-02
RJ291298,【特濃5時間45分/実際に行為をしていると感じる】あだると放送局6～綾姉と夏休み～【たっぷり耳奥舐め/おま〇この音】声・音同時収録! [シロクマの嫁],770,50,2022-04-02
RJ291378,【安眠特化23時間】鈴蘭の森と小鳥の羽休め～眠れるASMR/耳かき/安眠ラジオ/マッサージ～【完全新作4本立て/音だけトラック [シロクマの嫁],"1,540",50,2022-04-02
RJ291561,ゴブリンの巣穴 [ぺぺろんちーの],"1,705",50,2022-04-02
RJ291658,ニート生活を脅かす美人一家をセックス漬けにして追い出そうとしたが逆に変態で喜ばれているんだが…… [ミミズサウザンド],88,90,2022-04-02
RJ291675,魔法少女は怪人に変異スル。 [惑星kaim],539,30,2022-04-02
RJ292145,ダンジョンズレギオン-魔王に捧ぐ乙女の肢体- Ver.1.3.2 [ルナソフト],"1,925",30,2022-04-02
RJ292155,CONTAMINATION 快堕王女の人格・肉体・国家蹂躙RPG [GFF],"1,309",30,2022-04-02
RJ292732,【超・超!!ぐっぽり耳舐め!!】小悪魔おしえごニートJKと子作りえっち♪童貞卒業委員会♪【KU100バイノーラル】 [C_Realization],968,20,2022-04-02
RJ292805,クールな姉に理性が吹き飛ぶほど溺愛される音声 [アンスリウム],770,30,2022-04-02
RJ293049,巨乳お姉ちゃんが自慰行為しているところをみてしまいました ～kanni～ [萌えCute!],11,90,2022-04-02
RJ293412,超囁き!～甘ギャルJK 一河アリサと電車の中で～【バイノーラル録音】 [青春×フェティシズム],660,50,2022-04-02
RJ293429,ぽんこつ王女ユスティの廃村開拓記 [シコルスキー大佐],924,30,2022-04-02
RJ293542,スノウブランディア fairy later [circle rin],110,80,2022-04-02
RJ293960,ゴブリンの巣穴 patch.1 絶望アップグレードデータ [ぺぺろんちーの],55,50,2022-04-02
RJ294126,純愛おま○こ当番【フォーリーサウンド】 [青春×フェティシズム],660,50,2022-04-02
RJ294355,感情が薄いからなんでも言うこと聞いてくれる幼なじみ [けもみみ駅],462,30,2022-04-02
RJ294391,【メスガキ×癒し】童貞にやさしい後輩系メスガキちゃんとのいちゃらぶミニ音声ドラマ～煽られたりやさしくされたりイジワルされたり～(仮)【KU100バイノーラル】 [マザースター],22,80,2022-04-02
RJ294439,魔法少女ノーブル・ローズ/エクストラバッドエンド [No Future],539,30,2022-04-02
RJ294632,孕ませ子作り旅館 -皐月- [ばぶらんさす],88,90,2022-04-02
RJ294700,2周目彼氏～恋⼈から激しく求められ過ぎたので、1週間限定で同僚に戻ったはずなのに我慢できなかったみたいです～ [A-chromatic color],990,50,2022-04-02
RJ294763,【超絶!!ぐっぽり耳舐め!!】ドスケベおねーさんがボク専用の種付中出し肉便器オナホに立候補してくれた件♪童貞卒業委員会♪【KU100バイノーラル】 [C_Realization],"1,056",20,2022-04-02
RJ294780,Jumble Strikers [とらうま商事],"1,309",30,2022-04-02
RJ294989,セイレーンのゆりかご [のらくらり。],297,55,2022-04-02
RJ295434,僕のカノジョがデキるまで。 -追跡孕ませ拉致監禁- [レトロラボ],"1,408",20,2022-04-02
RJ295564,動画版 陸上部女子は俺の生オナホ!!!校内種付け編 [STUDIOふあん],"1,980",50,2022-04-02
RJ295803,少女組長リリカの娼館経営記 [ルさんちまん],"1,232",30,2022-04-02
RJ295831,勇者姫ミリア [サークル☆フェアリーフラワー],"1,309",30,2022-04-02
RJ296153,共学になった元男子校にチョロい性格の女の子がたった一人だけ入学したら・・・ [んほぉ痴態],693,30,2022-04-02
RJ296679,【密着囁きっ♪】ドスケベメイドのえっろぉ～い変態ご奉仕えっちっ♪ ～濃厚密着エロエロさんどでお精子搾りつくしちゃいますっ♪～【ドスケベフォーリー】 [レジスタンス和歌山],"1,122",15,2022-04-02
RJ296765,ピンク監禁～敵の科学者幹部に捕らわれた戦隊ピンク～ [Under Rain],990,50,2022-04-02
RJ296821,低音ボイス爆乳サキュバスお姉さんの添い寝シコシコサポート [エーアイスタジオ],847,30,2022-04-02
RJ296903,Maria××Maid [華sakura],462,30,2022-04-02
RJ296960,お姉ちゃん達とあまあま受験勉強 [ふらいでぃっしゅ],77,90,2022-04-02
RJ296968,Maria××Maid2 [華sakura],462,30,2022-04-02
RJ297012,こはるびよりR。～巨乳JKとあまあま童貞喪失セックス～ [WILL BE WELL],495,50,2022-04-02
RJ297112,Maria××Maid2.5 [華sakura],308,30,2022-04-02
RJ297120,魔法少女セレスフォニア [しもばしら工房],"1,589",15,2022-04-02
RJ297144,自動販売機で買えるクラスメイトの生オナホ [フリテン堂],385,50,2022-04-02
RJ297162,究極の耳舐め6時間!本当に耳奥深くまで『舐め』感じさせる『技』をご堪能下さい♪ [Whisp],594,70,2022-04-02
RJ297628,「本当に深い耳&quot;奥&quot;舐め」と「本当に押し潰される耳&quot;圧&quot;舐め」～お耳の穴を中と外から刺激する≪深層&amp;圧迫ASMR≫～ [パステル×トリップ],770,30,2022-04-02
RJ297684,ゴブリンの巣穴 patch.2 肉床アップグレードデータ [ぺぺろんちーの],55,50,2022-04-02
RJ297725,【18時間の耳舐め超大作】耳舐めを極めた子犬たちのハーレム [Whisp],242,90,2022-04-02
RJ297816,リメインズリバース [ゆめなまこん],"1,694",30,2022-04-02
RJ297978,泡 夢 ～脳イキ音声～ (非常に依存性が高いのでご注意下さい) [泡沫夢幻],"1,155",30,2022-04-02
RJ297984,【7時間20分】Seraphinite affection～JKグラビアアイドルのぐっぽり耳奥責めご奉仕えっち♪ [Whisp],627,70,2022-04-02
RJ298079,【4時間/神社耳かき/川下り/包丁作り】蓄音レヱル すずしろ【CV.上坂すみれ】 [RaRo],220,90,2022-04-02
RJ298091,超囁き!～えちえち清楚JK 二条由乃と電車の中で～【バイノーラル録音】 [青春×フェティシズム],660,50,2022-04-02
RJ298168,戦姫バッドエンドAfter -古の魔なるヒロイン無様敗北CG集- [妄想Caution],220,50,2022-04-02
RJ298296,【4時間/落ち葉の森/耳かき/滝の音】蓄音レヱル ラン【CV.内田彩】 [RaRo],198,90,2022-04-02
RJ298344,【両耳犯し/耳舐め特化】性技で勝負☆生贄救出大作戦!?～アナタを巡るえっちな争い～【濃密エッチな3時間半】 [ブラックマの嫁],660,50,2022-04-02
RJ298472,【KU100】天霧美春のエッチな勝負!【バイノーラル】 [Arche-Type],110,90,2022-04-02
RJ298792,【超絶!!ぐっぽり耳舐め!!】ドスケベ婦警さんのエッチでドSな取り調べ♪童貞卒業委員会♪【KU100バイノーラル】 [C_Realization],"1,056",20,2022-04-02
RJ298823,『君と一緒なら…』-環境ヒーリング音声- 癒し 安眠 波音 バイノーラル CV秋野かえで [RAIMULIGHT(ライムライト)],55,50,2022-04-02
RJ299558,タナトス-Thanatos- [とらいあんぐる！],"1,210",50,2022-04-02
RJ299661,悪の組織のヒーロー悪堕ち洗脳催眠 [F・A・S],660,50,2022-04-02
RJ299717,【寝落ちASMR】悪魔娘が最高に癒すのでものすごく眠れる(耳かき・囁き・マッサージ・泡オイル) [周防パトラ],"1,001",30,2022-04-02
RJ299813,DIGITAL CUTE GIRL [DigiPlant],11,90,2022-04-02
RJ300161,耳舐め専門店癒し亭 ～秘密の裏オプションで身も心もトロトロにされちゃう～ [ブラックジャック],110,90,2022-04-02
RJ300227,ゴブリンの巣穴  patch.3 小鬼アップグレードデータ [ぺぺろんちーの],55,50,2022-04-02
RJ300276,クリペロサロン～ワンコなペロリスト～ [Under Rain],990,50,2022-04-02
RJ300453,クールなメイドさんと一緒っ! [スタジオねこキック],"1,001",30,2022-04-02
RJ300468,儚き永遠と共に・・・ [La(o)st color],22,90,2022-04-02
RJ300617,ふたりは調教ゲームの餌食になりました。 [デベロッパーズ],385,50,2022-04-02
RJ300651,【6時間/Wお耳癒しエッチ】耳かきリフレ『春乃撫子』へようこそ♪～凄腕店長&amp;No.1セラピストによる、極楽過ぎて頭がバカになるご奉仕プレイ♪ [Whisp],495,70,2022-04-02
RJ300763,プリマのヒミツろぐ [DigiPlant],11,90,2022-04-02
RJ301066,【KU100】陽キャのドスケベJKは濃厚セックスをお勉強したい ～あたしがジュボジュボ、音を立てて絞り取ってあげるから♪～ [スタジオりふれぼ],660,50,2022-04-02
RJ301169,Dragon Mahjongg Darkness [SPLUSH WAVE],990,50,2022-04-02
RJ301237,メイドlife [高温注意],"1,386",30,2022-04-02
RJ301892,おいっ! 俺の学園が風俗店になってんぞっ! [一億万軒茶屋],616,30,2022-04-02
RJ302497,オプスキュリテ・マジー ～ 淫欲冒険者と王家の血 [瞬間フローライター],"1,540",30,2022-04-02
RJ302553,【極め耳舐め】どスケベお嬢様のぐっぽり濃厚耳舐めに耐えることが出来たら100万円!【フォーリー】 [VOICE LOVER],264,80,2022-04-02
RJ302763,Apparition ～付喪神/貴女の名前を知られてはイケない～ [Destruction],"1,320",20,2022-04-02
RJ302928,サキュって!アテンプテーション～クソザコ淫魔の愛され奮闘記～ [シストレイド],792,60,2022-04-02
RJ303179,オオカミな同僚の獣欲 [white mist],"1,144",20,2022-04-02
RJ303203,女しかいない未開の部族との繁栄子作りセックス記 [幻想グラフィックス],539,30,2022-04-02
RJ303236,【もっと深く…】やりすぎメイドさんの耳穴開発～ミミラチオ・鼓膜舐め…迷走神経開発フルコース!!!～(ハイレゾ&amp;ハイノーラル) [空心菜館],660,50,2022-04-02
RJ303264,即イキ舐めプ娘2～クラスカースト最上位の美少女ハルは二人きりだといつも即イキ～ [あむーるΩるーむ],110,90,2022-04-02
RJ304647,あのコはおじさんの女(メス) [毎日健康生活],539,30,2022-04-02
RJ304748,4時間のダブル耳舐めづくし~あまあま究極耳舐めASMR~ [Whisp],528,60,2022-04-02
RJ304798,異世界トリップ先で助けてくれたのは、 人殺しの少年でした。 少年暗殺者(?)×不憫おねえさんの異世界流されセックス [さきっちょだけ!],462,30,2022-04-02
RJ304810,【Live2D】コン狐との日常+(ぷらす) ～ぱーふぇくと版 ～verクリスマス [めがみそふと],"1,386",30,2022-04-02
RJ304923,目の見えない純情な妹をたぶらかして中出しエッチ【3時間20分/KU100バイノーラル録音】 [チームランドセル],847,30,2022-04-02
RJ305007,贈守誠の蜜愛事情～酔った彼を介抱したら、なぜか攻める事になってしまった件～【シナリオ連動型CG集&amp;動画付き】 [A-chromatic color],"1,001",30,2022-04-02
RJ305378,Yシャツ少女 [なでしこさん],11,90,2022-04-02
RJ305515,ゴブリンの巣穴 patch.4 亜人アップグレードデータ [ぺぺろんちーの],55,50,2022-04-02
RJ305695,【4時間/とろとろスライム/耳かき/処女エッチ】Healing of King～エッチな魔物使いのいやらしスライムマッサージ～ [Whisp],286,80,2022-04-02
RJ305883,【耳舐め最高】耳舐めサキュバス2 -死ぬほど気持ちいい悪魔舌の淫夢-【極・耳舐め】【3時間50分超】 [HORNET],572,35,2022-04-02
RJ306244,目立たない存在の僕が高嶺の花の先輩とエッチな関係になっちゃった話 [ひぐま屋],330,50,2022-04-02
RJ306288,僕たちいけないことしてる [ZUMODAX],605,50,2022-04-02
RJ306545,超囁き!～ウザ可愛JK 三羽みうと通学バスで～【バイノーラル録音】 [青春×フェティシズム],660,50,2022-04-02
RJ306739,【強制純愛】生イキJKメスガキ分からせ調教 [もぷもぷ実験室],110,90,2022-04-02
RJ306930,【サークル1周年記念作品】お嫁ガチャ レア嫁3人のトリプルおま○こサンドを召し上がれ♪【KU100バイノーラル】 [パースペクティブ少女幻奏],924,40,2022-04-02
RJ307073,クールな姉と理性が吹き飛ぶ溺愛濃厚セックス [アンスリウム],847,30,2022-04-02
RJ307316,SK-H ZIP [ニーチェ],77,30,2022-04-02
RJ307814,都合良く抱けるセフレJKがいればヤラせてくれない彼女はいらない [TOZAN:BU],462,30,2022-04-02
RJ308835,純情おま○こ当番【フォーリーサウンド】 [青春×フェティシズム],715,50,2022-04-02
RJ308908,洗脳アプリで高飛車なお嬢様を好き放題するシミュレーション [dobuworks],"2,475",10,2022-04-02
RJ309180,メスネコ淫戯 [のらくらり。],539,30,2022-04-02
RJ309210,【4時間/ねっとり両耳舐め】双子メイドはあなたのお耳のぺろぺろ当番 ～両耳をたっぷり舐められていっぱい気持ちよくなれちゃうASMR～ [Whisp],286,80,2022-04-02
RJ309382,【Wメスガキ耳舐め】えっちな教会懺悔室～メスガキカテリナちゃんとバブみ美○女エリーちゃん～ [Whisp],528,60,2022-04-02
RJ309405,淫魔契約〜絶倫どエロ淫魔に愛されて〜 [Under Rain],"1,188",40,2022-04-02
RJ309477,【究極の耳舐め逆レイプ】耳舐めサキュバス3 -淫魔と堕ちる保健室の白昼夢-【極め耳舐め】【パンツプレゼント】 [HORNET],572,35,2022-04-02
RJ309798,s.s.s.MONO [caburibbon],539,30,2022-04-02
RJ309822,ゴブリンの巣穴 patch.5 雌堕アップグレードデータ [ぺぺろんちーの],55,50,2022-04-02
RJ309874,眠り姫の憂鬱とかつて子供だった護り人たち【日本語・繁体中国語版脚本付き】 [BoneCage],253,90,2022-04-02
RJ309902,ゲームしながら自由におまんこを使わせてくれるゲーマーカノジョ【バイノーラル】 [防鯖潤滑剤],605,50,2022-04-02
RJ309974,迷宮街のグレイス [ラブリープリチー超愛してる],"2,200",20,2022-04-02
RJ310009,フィーナHボイス with Hシーン増量パッチ [circle rin],11,90,2022-04-02
RJ310275,あなた専用おち●ぽ生ハメ係 ～先輩JK柄沢凛香はからかい上手ドスケベえっちが大好き～【KU100】 [スタジオりふれぼ],660,50,2022-04-02
RJ310289,【スライム耳かきエッチ】Healing of King～ロリっ子魔法使いの、わからせぐちょぐちょマッサージ～ [Whisp],528,60,2022-04-02
RJ310474,にーとと天使とえっちな家族 [にじいろばんび],"1,386",30,2022-04-02
RJ310972,ヤリ部屋☆ミッション ～えっちしないと脱出不可能♪～ 「脱出するぞ!!」片想いの先輩の為に前向き寝取られ!! アホの子・悠ちゃん、他人ち○こで浮気絶頂♪ [plug in.東京],924,30,2022-04-02
RJ311379,【バニー耳かきエッチ】Healing of King～あまあまビッチなバニーさんの、絞り尽くし男の子体験記～ [Whisp],528,60,2022-04-02
RJ311446,つめえろほんおまんこEX2 [ゆれるちくわぶ],110,90,2022-04-02
RJ311637,お前の姉ちゃんオナホ合宿行ってるらしいぜ [闇に蠢く],539,30,2022-04-02
RJ312215,新米賢者ちゃんのおっぱい改造ダンジョン ー気弱で貧乳の少女は、淫乱で爆乳の苗床に作りかえられるー [ゆらゆらせゆーら],539,30,2022-04-02
RJ312727,眠り姫の憂鬱とかつて子供だった護り人たち～金糸銀糸の蜘蛛の糸～【日本語・繁体中国語脚本付き】 [BoneCage],759,70,2022-04-02
RJ313089,あだると放送局8～綾姉のおま〇こで遊ぼう!イベント開催編☆～【重複無し4時間半】 [シロクマの嫁],726,45,2022-04-02
RJ313678,陰キャ弟が陽キャ姉キを寝取るまで [極楽将軍],539,30,2022-04-02
RJ313754,本当は超スケベなシスター姉妹のあまとろ囁きおち〇ぽ審問☆～溜まったお精子、丁寧にお導きいたします♪～ [まくらもふ式],770,30,2022-04-02
RJ313825,Saint Foire Festilaleve Evelyn4 [極楽将軍],693,30,2022-04-02
RJ314035,吸血ホリック [Under Rain],"1,188",40,2022-04-02
RJ314280,【4時間/二人の人妻耳舐めエッチ】 マンション管理人～旦那が単身赴任で欲求不満な人妻～ [Whisp],528,60,2022-04-02
RJ314543,【61時間のケモミミ天国ASMR】和耳シリーズ コンプリートパック [Whisp],"1,452",80,2022-04-02
RJ314612,【収録三時間】美ママトリオは着床するまでドエロ交尾を止めない【バイノーラル/ハイレゾ】 [バブバブの森],858,40,2022-04-02
RJ314617,【乳首性感】 煽情清楚なお姉さんのねっとり乳首責め [ねこじた結社],847,30,2022-04-02
RJ315622,【蔵出し】腹ペコ妹～お兄ちゃん、性欲処理はご飯食べながらでも良いですか? [Whisp],528,60,2022-04-02
RJ315671,密着囁き×キメセク!～大学の後輩に薬を盛られて調教されちゃいました～【耳攻めSEXバイノーラル】 [セックスドライブ],"1,078",30,2022-04-02
RJ315722,【蔵出し】センパイ、具合はどうですか? ～献身後輩とお休み保健室～ [Whisp],528,60,2022-04-02
RJ315852,【サークル立ち上げ特価100円!】おほガキ&lt;ぷち&gt;〜おしゃれを覚えたばかりのマセガキが突然のわからせグチュグチュおせっせで喉の奥から絞り出した絶え間ないオホ声〜 [おほおほ庵(今年はおほ声作品以外も出すぞ!!!!!ウオー!!!!!)],55,50,2022-04-02
RJ315866,【KU100】超密着!ウィスパーボイスのロッカー少女 ～バレちゃいけない、耳元で脳まで響く甘いイキ声～ [スタジオりふれぼ],660,50,2022-04-02
RJ316365,ダブルサキュバスのイキっぱなし洗脳オナニーサポート [F・A・S],"1,100",50,2022-04-02
RJ317041,嫁と嫁 [SWEET×MONSTER],990,10,2022-04-02
RJ317404,この町の男性は男に飢えた女性に狙われている!! 働くお姉さん達 社会人一年目 [愛国者],616,30,2022-04-02
RJ317591,Maria××Maid3 [華sakura],462,30,2022-04-02
RJ317634,おほガキ〜モールで拾ったメスガキにおほ声アクメキメさせたった!ブヒブヒブヒブヒブッヒッヒwww〜 [おほおほ庵(今年はおほ声作品以外も出すぞ!!!!!ウオー!!!!!)],968,20,2022-04-02
RJ317690,淫界人柱アラカ～JK退魔師ホラー探索RPG～ [I&#039;m moralist],"2,524",15,2022-04-02
RJ318315,俺のスマホはクラスメイトのマ〇コと繋がっている [フリテン堂],385,50,2022-04-02
RJ318786,引きこもり娘の乳首オナニー日記 ～いろんな玩具でおっぱい爆乳化して露出にまで目覚めちゃう～ [ゆらゆらせゆーら],539,30,2022-04-02
RJ318958,廃れた田舎の村はどんな時でも種付けOKの天国な場所でした [ミミズサウザンド],616,30,2022-04-02
RJ319302,春売りJK○をホ別2万で買う [Whisp],660,70,2022-04-02
RJ319399,異世界トリップ先で助けてくれたのは、 人殺しの少年でした。2 [さきっちょだけ!],616,30,2022-04-02
RJ319506,タイムループNTR [毛ガニ研究室],"1,386",30,2022-04-02
RJ319669,アリッサと持たざる者の洞窟 [寅乃檻],"1,122",15,2022-04-02
RJ319767,【中盤まで無料】生意気ナツキはあなたに勝ちたい!! ～挿れただけで勝手にイっちゃう弱くて強気なボーイッシュ～ [ライオクライオ],990,10,2022-04-02
RJ319831,異世界ハーレム☆ファンタジア [とらいあんぐる！],935,50,2022-04-02
RJ319844,教師ひとり、生徒ひとり。 ～田舎の学校で毎日えっち～ [Asunaro Neat.],539,30,2022-04-02
RJ320387,監禁契約～やさしい監禁性活のススメ～ [Under Rain],"1,287",35,2022-04-02
RJ320401,【新機材導入/13時間】一週間、現役JKと密着おまんこライフ【プレミアムフォーリー】 [Whisp],880,60,2022-04-02
RJ320929,溺愛監禁【日本語・繁体中国語脚本付き】 [BoneCage],759,70,2022-04-02
RJ321270,ゴブリンの巣穴  巣穴の性態辞典 + patch.6 言語アップグレードデータ [ぺぺろんちーの],55,50,2022-04-02
RJ321571,ヤンデレ共依存×洗脳監禁【耳攻めSEXバイノーラル】 [セックスドライブ],"1,078",30,2022-04-02
RJ321784,長身むちむち幼馴染の片想い偏愛力ずく搾精 [シルトクレーテ],847,30,2022-04-02
RJ321839,まなびや [さかくも],968,20,2022-04-02
RJ321956,【声/音同時収録】あだると放送局9～綾姉と二人でずっぽり温泉旅行編～と、耳舐めこれくしょん!【完全録り下ろし10時間半】 [シロクマの嫁],792,40,2022-04-02
RJ322248,サムライヴァンダリズム [ONEONE1],"3,520",20,2022-04-02
RJ322974,異世界転移先で女の子とイチャラブエッチ [時の箱庭],990,25,2022-04-02
RJ323081,少年淫魔が人間のお姉さんを好きになる話 [オトトイN],231,30,2022-04-02
RJ323169,貧困JD1デリを騙して本番する [Whisp],880,60,2022-04-02
RJ323401,【受けNTR】嫁が寝る間にムチムチ義妹に犯されて【プレミアムフォーリー】 [Whisp],880,60,2022-04-02
RJ323439,純愛おま○こ当番 After【フォーリーサウンド】 [青春×フェティシズム],"1,001",30,2022-04-02
RJ323553,ラナリア-ロリサキュバスとの甘々ライフ♥ [アネモネ*],616,30,2022-04-02
RJ324247,ゴブリンの巣穴 I&#039;ll borne [ぺぺろんちーの],"5,500",50,2022-04-02
RJ324592,5日後に中出しされるナース ～毎朝性処理してくれるえっちな看護師さん～ [Lover&#039;sHand],880,20,2022-04-02
RJ324709,ノエルがんばりますっ! [あぷりこ工房],"1,683",15,2022-04-02
RJ324736,HなイタズラにはHなオシオキを! ―After― [なでしこさん],11,90,2022-04-02
RJ324865,【ベロ舐め】『元軍人★ストーカー』は犯したい! ～お見合い写真に一目惚れしたので、思わず「抱いて」と呟いたら、とんでもない事になった～(ダミヘ:KU100) [ASMRistZero],924,30,2022-04-02
RJ325142,おねショタ剣戟ACT 廻るハゴコロ [excess m],"1,001",30,2022-04-02
RJ325519,『豹変★甘ウザ彼氏』は犯したい! ～浮気を疑われ束縛彼氏化したので、思わず「キライ!」と言ったら、とんでもない事になった～(ダミヘ:KU100) [ASMRistZero],495,50,2022-04-02
RJ325846,【極め耳舐め超特化】耳舐めサキュバス4 -淫魔と堕ちる終わらない愛慾の世界-【パンツプレゼント】 [HORNET],572,35,2022-04-02
RJ326025,ガールズBar &amp; ガールズ! [シストレイド],792,60,2022-04-02
RJ326209,【1時間50分】アナタを離さない!超密着♪あまあまささやきドスケベ体験版〜3ヒロイン詰め合わせ〜 [スタジオりふれぼ],247,25,2022-04-02
RJ327041,【イラスト33枚/7時間】耳元特化☆貴方は勇者様ではありません!～召喚されて異世界性活!?～ [シロクマの嫁],858,40,2022-04-02
RJ327057,【ドS覚醒】『童貞★こじらせ上司』は犯したい!+監禁洗脳 ～思い切って「抱いて」と言ってみたら、ドS化×ガチ依存され、面倒くさい事になった～(KU100) [ASMRistZero],924,30,2022-04-02
RJ327447,本当に深い耳奥&quot;ピストン&quot;舐め ～お耳の奥に舌を抜き差しされる≪深層挿入ASMR≫～ [パステル×トリップ],770,30,2022-04-02
RJ327498,【KU-100】寝取られ萌え声配信者 僕の彼女がリスナーに犯されて… [あくあぽけっと],110,90,2022-04-02
RJ327547,燕嵐閨中顧話 [360],462,40,2022-04-02
RJ327831,青夏おま○こフレンズ【フォーリーサウンド】 [青春×フェティシズム],660,50,2022-04-02
RJ328027,ピグマリオンの救世主は精神年齢7歳のビッグラブモンスター。 [愛沢精肉店],462,30,2022-04-02
RJ328113,こどもつくる本 [東横大賞典],462,30,2022-04-02
RJ328176,【新作100円】【全編バイノーラル】私がサクッとヌいたげる♪～ギャルなJKからの搾精体験～ [玄姫屋],49,55,2022-04-02
RJ328628,姉弟冒険者と母乳苗床堕ち改造 ～姉の身体は淫らに堕ちる編～ [ゆらゆらせゆーら],539,30,2022-04-02
RJ328650,休日シリーズ総集編I [リンゴヤ],"1,848",30,2022-04-02
RJ328721,神待ちJ○○をいちごで買う [Whisp],880,60,2022-04-02
RJ329307,【KU100】ASMR配信者の彼女といちゃらぶ匂わせ純愛性活 [恋楽屋],770,30,2022-04-02
RJ329475,Mede little Roy(メデリトルロイ)～落ちこぼれ魔女の正体は、精液(魔力)を糧とする最強の悪魔でした。～ [Yatomomin],484,45,2022-04-02
RJ329940,【寝落ちASMR13時間】99.99%ぐ～っすり寝かせちゃう癒しの安眠屋さん。(極上耳かき・マッサージ・赤ちゃん綿棒・囁き) [周防パトラ],"1,001",30,2022-04-02
RJ329958,ドSサキュバスに寝込みを襲われ逆レイプ~ナマハメであっさり童貞奪われそのまま絶頂~ [みるくめろん],539,30,2022-04-02
RJ329978,NOCKY CURREN R18作品カタログ [NOCKY CURREN],11,90,2022-04-02
RJ330304,青夏おま○こフレンズー蒼ー【フォーリーサウンド】 [青春×フェティシズム],660,50,2022-04-02
RJ330397,【重複無し5時間40分/あだると放送局10】僕と推し(声優)の秘密の時間～耳に圧を感じる耳舐めと癒しメニュー～【声/音同時収録】 [シロクマの嫁],660,40,2022-04-02
RJ330441,クマとトラ〜体格差幼馴染のはじめてから、獣になる2日間まで〜 [愛沢精肉店],539,30,2022-04-02
RJ331216,思春期異聞録 [ゆれるちくわぶ],110,90,2022-04-02
RJ331519,メスガキサキュバス達に搾り取られる本 [駄菓子屋],385,50,2022-04-02
RJ331590,カリンズ・プリズン KARRYN&#039;S PRISON [Remtairy (レムテイリー)],"2,805",15,2022-04-02
RJ332837,友達が奴隷市場で売られてた [けもみみ駅],616,30,2022-04-02
RJ333005,桃狐の万能オナサポボイス～20しこしこシャトルランオナニーver～《全国一斉おちんちんテスト》【バイノーラルASMRオナサポ】 [桃狐の変態調教課題],11,90,2022-04-02
RJ333355,【フォーリーサウンド】相談愛手(仮) [white mist],"1,485",25,2022-04-02
RJ333596,【セックスしないと出られない部屋】仲の悪い妹と閉じ込められる【リアル体験フォーリー】 [Whisp],792,60,2022-04-02
RJ333860,姉弟冒険者の母乳苗床堕ち改造 ～弟はメスの身体に堕ちる編～ [ゆらゆらせゆーら],385,30,2022-04-02
RJ334416,【JKハーレム】一週間、JK3人とおま○こ満載の同棲ライフ～エッチなハーレム、始めませんか?【プレミアムフォーリー】 [Whisp],660,70,2022-04-02
RJ334463,罠にハマった女教師 [ゆののん],77,30,2022-04-02
RJ334671,ツヴィリング～双子魔法医師×発情うさぎ=クンニ堕ち～ [藤井あや個人サークル],616,20,2022-04-02
RJ334677,魔法少女ブラックキティ [FANTASY・FACTORY],"1,309",30,2022-04-02
RJ335038,交易街の黒い衛兵～地下監獄と女囚達～ [幼心の君に],"1,144",20,2022-04-02
RJ335228,イヴちゃんは触手パンツの餌食になりました。2 [デベロッパーズ],385,50,2022-04-02
RJ335283,【狂愛ドS】『ガチ執着★ヤンデレ』は犯したい!～恋愛禁止なので「ゴメンなさい」と断ったら、ヤンデレ化×ガチ執着され、大変な事になった～(KU100) [ASMRistZero],924,30,2022-04-02
RJ335299,【ソフト逆NTR】彼女の妹に背徳感たっぷりのあまあまえっちで犯されて…【受けNTR】 [みなと喫茶],110,90,2022-04-02
RJ335307,【7時間45分】X年3組おま○こ係【プレミアムフォーリー】 [Whisp],198,90,2022-04-02
RJ335515,エルフメイドの調教白書 ―EXTRA― [なでしこさん],11,90,2022-04-02
RJ335635,青夏おま○こフレンズートライアングルー【フォーリーサウンド】 [青春×フェティシズム],"1,078",30,2022-04-02
RJ336223,〈絶倫&amp;濃厚!!〉イルカな彼は100倍濃いv【ダミヘ:KU100】(出演:三橋渡) [ホープシー],"1,089",10,2022-04-02
RJ336270,【総尺420分】ハッピーエンドで犯したい男たち～一振春暁、佐松百雪、氷遊馬鯨歌、冬夢鷹秋～ [ASMRistZero],"2,310",30,2022-04-02
RJ336284,魔法少女監禁 [Dusk×Under Rain],"1,672",20,2022-04-02
RJ336362,冷徹王子は溺愛の素質があるかもしれない [Haikey],693,10,2022-04-02
RJ336392,★特別記念100円★【キメセク】【ネトラレ】清楚真面目自慢の彼女が誘拐お注射レイプでキメセクドハマりお薬欲しさにお貢ぎ媚び雌豚奴隷になってビデオレター… [ルヒー出版],55,50,2022-04-02
RJ336995,ゴブリンの巣穴 I’ll borne patch.1 屈辱アップグレードデータ [ぺぺろんちーの],55,50,2022-04-02
RJ337083,【110円】お兄ちゃんのお世話は妹の仕事だよ～このか編～ [龍宮の使い(闇)],55,50,2022-04-02
RJ337130,【110円】お兄ちゃんのお世話は妹の仕事だよ～とおか編～ [龍宮の使い(闇)],55,50,2022-04-02
RJ337264,【DLsiteピックアップ作品】拘束夜這いレイプ 嫉妬でケダモノ化した幼なじみ [みーのあくび*],"1,386",10,2022-04-02
RJ337379,【初KU100収録 特価110円】母性たっぷりサキュバスお姉さんと甘々はげまし赤ちゃんごっこ [サークルナーサリ―],99,10,2022-04-02
RJ337422,とある学校の筆下ろし事情 [ひぐま屋],330,50,2022-04-02
RJ337997,癒し系甘やかしお姉さんによる耳舐め中出しあまあまセックス [しろくまソーダ],924,40,2022-04-02
RJ338493,【KU100 バイノーラル】即寝取り!彼氏持ちJKをボタン1つで快楽堕ち! [甘声(あまごえ)],770,30,2022-04-02
RJ338799,超囁き!～メスガキJK五月リカと漫喫えっち～【バイノーラル録音】 [青春×フェティシズム],"1,001",30,2022-04-02
RJ338992,【催淫耳舐めASMR】ダブル耳フェラ双子サキュバス-悪魔儀式・耳舐め-シンドローム [ほわいとばーど],99,90,2022-04-02
RJ339010,眠り姫の憂鬱とかつて子供だった護り人たち～魔術師の塔と夢の魔法～【日本語・繁体中国語脚本付き】 [BoneCage],759,70,2022-04-02
RJ339137,アウロラと女神の楽園島 [ゆめなまこん],"1,386",30,2022-04-02
RJ339168,陰キャ弟が陽キャ姉キを寝取るまで 2 [極楽将軍],539,30,2022-04-02
RJ339431,【全編オホ声】オホ声ゆかちゃんの催眠日記【KU100】 [B-Baby],990,25,2022-04-02
RJ340592,【フォーリーサウンド】淫魔たちが来た [white mist],"1,540",30,2022-04-02
RJ340988,【アニメ放映記念で200円】180秒で君の耳を幸せに出来るか? ボッチな2人で炭酸耳かきスペシャル! [RaRo],88,60,2022-04-02
RJ341567,Chris Survival [ぽいずん],"1,155",30,2022-04-02
RJ341610,宅配男子・琢磨くんのXLサイズで癒される話。 [とろろ汁],880,20,2022-04-02
RJ341787,【100円ガチフォーリー】情けない手コキ射精させられる配信～コメントの言うことは? 絶対～! [Whisp],55,50,2022-04-02
RJ341997,【蔵出し】Healing of King～くそざこ魔族の、こびこび濃厚癒やし体験～ [Whisp],264,80,2022-04-02
RJ342179,夜行バスで隣に座ったJ〇がひたすらにエロい [サークル名ao],847,30,2022-04-02
RJ342414,【5回絶頂】自慰してたら嫉妬深い彼氏にバレてしまった [カシオピュータ],330,50,2022-04-02
RJ343028,密着囁き×キメセク!! After ～大学の後輩が彼氏になったら愛も性欲もやばくて大変です～ [セックスドライブ],"1,078",30,2022-04-02
RJ343083,ダークオブクロエ [sugar star],"1,001",30,2022-04-02
RJ343101,脳波絶頂θ波～女性のイク脳波と同期して死ぬほどの勃起と快感を～ [シロイルカ],660,50,2022-04-02
RJ343158,低音ボイス爆乳サキュバスお姉さんのもっと!添い寝シコシコサポートII [エーアイスタジオ],847,30,2022-04-02
RJ343381,処女が童貞との初体験で目覚めちゃう話 [どじろーブックス],616,30,2022-04-02
RJ343489,耳舐めグローリーホール [ドスケベーション!],99,10,2022-04-02
RJ344510,【耳舐め耳フェラ耳ほじり】耳舐め転生耳アクメ -清純清楚美少女にドスケベ耳舐めでしゃぶりつくされる- [MASUO SANDORINI],154,90,2022-04-02
RJ344690,洗脳と開発はおまかせ! 肉体改造施設ツアー ～獣耳ちゃんのおっぱいとクリ肥大化コース～ [ゆらゆらせゆーら],385,30,2022-04-02
RJ344809,s.s.s.MONO2 [caburibbon],847,30,2022-04-02
RJ344834,裏垢女子のオホ声オナニー&amp;ハメ撮り音声投稿【オホ声】 [ぎゃっぷスタジオ],495,50,2022-04-02
RJ350926,巨乳後輩チアガールとその母親がチンカス汚ちんぽにご奉仕してくれるお話♪【KU100】 [ホロクサミドリ],"1,056",20,2022-04-02
RJ351112,魔女に転生したら淫魔に愛されました。 [takanagohan],616,20,2022-04-02
RJ352004,【新作2本立て/5時間】ランダム要素で飽きない全身&amp;耳舐めオナニーライフ♪+伊ヶ崎綾香の抜けるエッチなアドリブASMR【両耳舐め/射精管理編も】 [シロクマの嫁],792,40,2022-04-02
RJ352422,モブ推しJKの悪役令嬢異世界転生 ～悲惨～ [Whisker Pad],704,20,2022-04-02
RJ352426,わたくしはフタナリ伯爵令嬢ですもの、イケメン下僕なんてオナホにしてヤリますわ!? ～アナルはセックスに入りません～ [ラセン恐怖閣],654,15,2022-04-02
RJ352463,怪蝕スル澱 ～山で怪異に魅入られた私～ [かまつばきんめ],500,35,2022-04-02
RJ352574,溺愛監禁～ただいま～【日本語・繁体中国語脚本付き】 [BoneCage],759,70,2022-04-02
RJ352933,リコの不思議なお使い [Cotton Candy],"1,386",10,2022-04-02
RJ353074,初‐完結編‐∼鬼畜カレシと本気セックス∼ [春昼],539,30,2022-04-02
RJ354001,Sランク発情ドスケベ冒険者お姉さん×2による新米喰い溺愛オホ声逆レイプ【ハメ媚び純愛ルート&amp;ハーレムルート分岐有り】 [ワサビ屋],924,30,2022-04-02
RJ355013,燕嵐閨中顧話・後伝 [360],616,20,2022-04-02
RJ355025,生意気ナツキはあなたに勝ちたい♪ ～強がりボーイッシュのよわよわ囁き低音アクメ～ [ライオクライオ],"1,188",10,2022-04-02
RJ356598,【耳舐め超特化作品】耳舐めサキュバス5 -淫魔と始める幸せな同棲性活?!- 【極め耳舐め地獄】【多重ボイス】【パンツ2種プレゼント】 [HORNET],572,35,2022-04-02
RJ356801,リア恋おま○こリフレ [青春×フェティシズム],"1,001",30,2022-04-02
RJ358382,キスしないと好きになる一週間 [ベレス解部],"1,287",10,2022-04-02
RJ358715,甘やかしお姉さんにおチンチンをトロットロにされて抜けだせないっ〜おねショタ搾精アンソロジー〜 [かく恋慕],693,30,2022-04-02
RJ359345,【200円ガチフォーリー】メスガキおほ声RTA――これが一番はやいと思います【プレミアムフォーリー】 [Whisp],110,50,2022-04-02
RJ360856,【総集編】J〇姪っ子の弱味を握った日～1+2作目+今までの限定本～【オマケ付き】 [くろほんやさん],"1,078",30,2022-04-02
RJ361234,【新作6本立て/約8時間】メリーシックス★スローセックス ～ずーーーーーーっとイチャラブおまんこ性の6時間～ [ライオクライオ],"1,188",10,2022-04-02
RJ361715,交易街の黒い衛兵～地下監獄と女囚達～APPEND [幼心の君に],792,10,2022-04-02
RJ362197,催眠アプリで!～クソ生意気な妹をオナホにしてみた～ [久丸一屋],440,20,2022-04-02
RJ362541,ボーイッシュ彼女は年下S彼氏の溺愛調教から逃げられない。 [Yatomomin],654,15,2022-04-02
RJ362632,めちゃエロいけど誘いに乗ったら破滅しそうな子 [薺屋本舗],440,50,2022-04-02
RJ362889,隠し鬼(繁体中国語脚本付き) [BoneCage],253,90,2022-04-02
RJ362946,年下幼なじみが私を縛って離さない! [豆腐ピザ丸],539,30,2022-04-02
RJ364666,桃狐の万能オナサポボイス～ピストンフェラオナニーver～《おかず探しから射精後までひたすら机の下でおちんぽ舐め舐めするのだ》【バイノーラルASMR100円オナサポ】 [桃狐の変態調教課題],11,90,2022-04-02
RJ364716,ヒーロー監禁～敵の幹部に捕らわれた戦隊レッド～ [Sugar Holic],"1,589",15,2022-04-02
RJ365062,しかえしゲエム～射精させないと死ぬデスゲーム～ [ゲームコロン],"1,589",15,2022-04-02
RJ365117,へなちょこ吸血鬼は狼騎士の血が欲しい [pota],539,30,2022-04-02
RJ366389,後輩S俳優に迫られて授業をサボって秘密のえっち [BLAST],"1,215",15,2022-04-02
RJ367022,罪を犯した修道女は大蛇の魔物に懺悔する [ネギ饅頭],616,30,2022-04-02
RJ368035,卑怯者の秘宝～タロンと性奴隷たち～ [モンスター研],"2,200",20,2022-04-02
RJ369303,囁き超密着生メイド～オール無声囁き!布団を被ってこっそり生ハメ～【フォーリーサウンド】 [テグラユウキ],"1,100",50,2022-04-02
RJ370127,ガチ恋おま○こリフレ [青春×フェティシズム],"1,144",20,2022-04-02
RJ374401,MILK －ショタ淫魔がお姉さんたちに挟まれる話－ [KOMOTA],891,10,2022-04-02
RJ374986,本当に深い耳奥&#039;&#039;埋め&amp;閉じ&#039;&#039;舐め ～お耳の奥を舌で埋め尽くして塞ぐ≪深層密閉ASMR≫～ [パステル×トリップ],990,10,2022-04-02
RJ378723,暴挙暴行百合暴力 [たまランド],561,15,2022-04-02
RJ381508,モブ推しJKの悪役令嬢異世界転生 ～悲惨～ 2 [Whisker Pad],792,10,2022-04-02
